Users_UserPrincipalName	 AccountSkuId	 ServicePlan	?ServiceStatus	?GroupsAssigningLicense
GradyA@oncanyas.onmicrosoft.com	oncanyas:DEVELOPERPACK_E5	Nucleus	PendingProvisioning	
GradyA@oncanyas.onmicrosoft.com	oncanyas:DEVELOPERPACK_E5	MIP_S_Exchange	Success	
GradyA@oncanyas.onmicrosoft.com	oncanyas:DEVELOPERPACK_E5	MICROSOFT_COMMUNICATION_COMPLIANCE	Success	
GradyA@oncanyas.onmicrosoft.com	oncanyas:DEVELOPERPACK_E5	GRAPH_CONNECTORS_SEARCH_INDEX	Success	
GradyA@oncanyas.onmicrosoft.com	oncanyas:DEVELOPERPACK_E5	Content_Explorer	PendingProvisioning	
GradyA@oncanyas.onmicrosoft.com	oncanyas:DEVELOPERPACK_E5	POWER_VIRTUAL_AGENTS_O365_P3	Success	
GradyA@oncanyas.onmicrosoft.com	oncanyas:DEVELOPERPACK_E5	CDS_O365_P3	Success	
GradyA@oncanyas.onmicrosoft.com	oncanyas:DEVELOPERPACK_E5	PROJECT_O365_P3	Success	
GradyA@oncanyas.onmicrosoft.com	oncanyas:DEVELOPERPACK_E5	INSIDER_RISK	Success	
GradyA@oncanyas.onmicrosoft.com	oncanyas:DEVELOPERPACK_E5	EXCEL_PREMIUM	Success	
GradyA@oncanyas.onmicrosoft.com	oncanyas:DEVELOPERPACK_E5	MTP	Success	
GradyA@oncanyas.onmicrosoft.com	oncanyas:DEVELOPERPACK_E5	MICROSOFT_SEARCH	PendingProvisioning	
GradyA@oncanyas.onmicrosoft.com	oncanyas:DEVELOPERPACK_E5	DYN365_CDS_O365_P3	Success	
GradyA@oncanyas.onmicrosoft.com	oncanyas:DEVELOPERPACK_E5	MICROSOFTBOOKINGS	Success	
GradyA@oncanyas.onmicrosoft.com	oncanyas:DEVELOPERPACK_E5	RECORDS_MANAGEMENT	Success	
GradyA@oncanyas.onmicrosoft.com	oncanyas:DEVELOPERPACK_E5	ML_CLASSIFICATION	Success	
GradyA@oncanyas.onmicrosoft.com	oncanyas:DEVELOPERPACK_E5	INSIDER_RISK_MANAGEMENT	Success	
GradyA@oncanyas.onmicrosoft.com	oncanyas:DEVELOPERPACK_E5	INFO_GOVERNANCE	Success	
GradyA@oncanyas.onmicrosoft.com	oncanyas:DEVELOPERPACK_E5	DATA_INVESTIGATIONS	Success	
GradyA@oncanyas.onmicrosoft.com	oncanyas:DEVELOPERPACK_E5	CUSTOMER_KEY	Success	
GradyA@oncanyas.onmicrosoft.com	oncanyas:DEVELOPERPACK_E5	COMMUNICATIONS_DLP	Success	
GradyA@oncanyas.onmicrosoft.com	oncanyas:DEVELOPERPACK_E5	COMMUNICATIONS_COMPLIANCE	Success	
GradyA@oncanyas.onmicrosoft.com	oncanyas:DEVELOPERPACK_E5	SAFEDOCS	Success	
GradyA@oncanyas.onmicrosoft.com	oncanyas:DEVELOPERPACK_E5	M365_ADVANCED_AUDITING	Success	
GradyA@oncanyas.onmicrosoft.com	oncanyas:DEVELOPERPACK_E5	YAMMER_ENTERPRISE	Success	
GradyA@oncanyas.onmicrosoft.com	oncanyas:DEVELOPERPACK_E5	WHITEBOARD_PLAN3	Success	
GradyA@oncanyas.onmicrosoft.com	oncanyas:DEVELOPERPACK_E5	BPOS_S_TODO_3	Success	
GradyA@oncanyas.onmicrosoft.com	oncanyas:DEVELOPERPACK_E5	SWAY	Success	
GradyA@oncanyas.onmicrosoft.com	oncanyas:DEVELOPERPACK_E5	MCOSTANDARD	Success	
GradyA@oncanyas.onmicrosoft.com	oncanyas:DEVELOPERPACK_E5	SHAREPOINTENTERPRISE	Success	
GradyA@oncanyas.onmicrosoft.com	oncanyas:DEVELOPERPACK_E5	POWERAPPS_O365_P3	Success	
GradyA@oncanyas.onmicrosoft.com	oncanyas:DEVELOPERPACK_E5	BI_AZURE_P2	Success	
GradyA@oncanyas.onmicrosoft.com	oncanyas:DEVELOPERPACK_E5	MCOEV	Success	
GradyA@oncanyas.onmicrosoft.com	oncanyas:DEVELOPERPACK_E5	SHAREPOINTWAC	Success	
GradyA@oncanyas.onmicrosoft.com	oncanyas:DEVELOPERPACK_E5	OFFICESUBSCRIPTION	Success	
GradyA@oncanyas.onmicrosoft.com	oncanyas:DEVELOPERPACK_E5	PAM_ENTERPRISE	Success	
GradyA@oncanyas.onmicrosoft.com	oncanyas:DEVELOPERPACK_E5	THREAT_INTELLIGENCE	Success	
GradyA@oncanyas.onmicrosoft.com	oncanyas:DEVELOPERPACK_E5	ATP_ENTERPRISE	PendingProvisioning	
GradyA@oncanyas.onmicrosoft.com	oncanyas:DEVELOPERPACK_E5	ADALLOM_S_O365	Success	
GradyA@oncanyas.onmicrosoft.com	oncanyas:DEVELOPERPACK_E5	EQUIVIO_ANALYTICS	Success	
GradyA@oncanyas.onmicrosoft.com	oncanyas:DEVELOPERPACK_E5	INTUNE_O365	PendingActivation	
GradyA@oncanyas.onmicrosoft.com	oncanyas:DEVELOPERPACK_E5	TEAMS1	Success	
GradyA@oncanyas.onmicrosoft.com	oncanyas:DEVELOPERPACK_E5	STREAM_O365_E5	Success	
GradyA@oncanyas.onmicrosoft.com	oncanyas:DEVELOPERPACK_E5	Deskless	Success	
GradyA@oncanyas.onmicrosoft.com	oncanyas:DEVELOPERPACK_E5	PROJECTWORKMANAGEMENT	Success	
GradyA@oncanyas.onmicrosoft.com	oncanyas:DEVELOPERPACK_E5	EXCHANGE_ANALYTICS	Success	
GradyA@oncanyas.onmicrosoft.com	oncanyas:DEVELOPERPACK_E5	INTUNE_A	PendingInput	
GradyA@oncanyas.onmicrosoft.com	oncanyas:DEVELOPERPACK_E5	FORMS_PLAN_E5	Success	
GradyA@oncanyas.onmicrosoft.com	oncanyas:DEVELOPERPACK_E5	ADALLOM_S_STANDALONE	Success	
GradyA@oncanyas.onmicrosoft.com	oncanyas:DEVELOPERPACK_E5	MFA_PREMIUM	Success	
GradyA@oncanyas.onmicrosoft.com	oncanyas:DEVELOPERPACK_E5	RMS_S_ENTERPRISE	Success	
GradyA@oncanyas.onmicrosoft.com	oncanyas:DEVELOPERPACK_E5	MIP_S_CLP1	Success	
GradyA@oncanyas.onmicrosoft.com	oncanyas:DEVELOPERPACK_E5	MIP_S_CLP2	Success	
GradyA@oncanyas.onmicrosoft.com	oncanyas:DEVELOPERPACK_E5	FLOW_O365_P3	Success	
GradyA@oncanyas.onmicrosoft.com	oncanyas:DEVELOPERPACK_E5	EXCHANGE_S_ENTERPRISE	Success	
GradyA@oncanyas.onmicrosoft.com	oncanyas:DEVELOPERPACK_E5	LOCKBOX_ENTERPRISE	Success	
GradyA@oncanyas.onmicrosoft.com	oncanyas:DEVELOPERPACK_E5	RMS_S_PREMIUM2	Success	
GradyA@oncanyas.onmicrosoft.com	oncanyas:DEVELOPERPACK_E5	RMS_S_PREMIUM	Success	
GradyA@oncanyas.onmicrosoft.com	oncanyas:DEVELOPERPACK_E5	ATA	Success	
GradyA@oncanyas.onmicrosoft.com	oncanyas:DEVELOPERPACK_E5	AAD_PREMIUM_P2	Success	
GradyA@oncanyas.onmicrosoft.com	oncanyas:DEVELOPERPACK_E5	AAD_PREMIUM	Success	
IsaiahL@oncanyas.onmicrosoft.com	oncanyas:DEVELOPERPACK_E5	Nucleus	PendingProvisioning	
IsaiahL@oncanyas.onmicrosoft.com	oncanyas:DEVELOPERPACK_E5	MIP_S_Exchange	Success	
IsaiahL@oncanyas.onmicrosoft.com	oncanyas:DEVELOPERPACK_E5	MICROSOFT_COMMUNICATION_COMPLIANCE	Success	
IsaiahL@oncanyas.onmicrosoft.com	oncanyas:DEVELOPERPACK_E5	GRAPH_CONNECTORS_SEARCH_INDEX	Success	
IsaiahL@oncanyas.onmicrosoft.com	oncanyas:DEVELOPERPACK_E5	Content_Explorer	PendingProvisioning	
IsaiahL@oncanyas.onmicrosoft.com	oncanyas:DEVELOPERPACK_E5	POWER_VIRTUAL_AGENTS_O365_P3	Success	
IsaiahL@oncanyas.onmicrosoft.com	oncanyas:DEVELOPERPACK_E5	CDS_O365_P3	Success	
IsaiahL@oncanyas.onmicrosoft.com	oncanyas:DEVELOPERPACK_E5	PROJECT_O365_P3	Success	
IsaiahL@oncanyas.onmicrosoft.com	oncanyas:DEVELOPERPACK_E5	INSIDER_RISK	Success	
IsaiahL@oncanyas.onmicrosoft.com	oncanyas:DEVELOPERPACK_E5	EXCEL_PREMIUM	Success	
IsaiahL@oncanyas.onmicrosoft.com	oncanyas:DEVELOPERPACK_E5	MTP	Success	
IsaiahL@oncanyas.onmicrosoft.com	oncanyas:DEVELOPERPACK_E5	MICROSOFT_SEARCH	PendingProvisioning	
IsaiahL@oncanyas.onmicrosoft.com	oncanyas:DEVELOPERPACK_E5	DYN365_CDS_O365_P3	Success	
IsaiahL@oncanyas.onmicrosoft.com	oncanyas:DEVELOPERPACK_E5	MICROSOFTBOOKINGS	Success	
IsaiahL@oncanyas.onmicrosoft.com	oncanyas:DEVELOPERPACK_E5	RECORDS_MANAGEMENT	Success	
IsaiahL@oncanyas.onmicrosoft.com	oncanyas:DEVELOPERPACK_E5	ML_CLASSIFICATION	Success	
IsaiahL@oncanyas.onmicrosoft.com	oncanyas:DEVELOPERPACK_E5	INSIDER_RISK_MANAGEMENT	Success	
IsaiahL@oncanyas.onmicrosoft.com	oncanyas:DEVELOPERPACK_E5	INFO_GOVERNANCE	Success	
IsaiahL@oncanyas.onmicrosoft.com	oncanyas:DEVELOPERPACK_E5	DATA_INVESTIGATIONS	Success	
IsaiahL@oncanyas.onmicrosoft.com	oncanyas:DEVELOPERPACK_E5	CUSTOMER_KEY	Success	
IsaiahL@oncanyas.onmicrosoft.com	oncanyas:DEVELOPERPACK_E5	COMMUNICATIONS_DLP	Success	
IsaiahL@oncanyas.onmicrosoft.com	oncanyas:DEVELOPERPACK_E5	COMMUNICATIONS_COMPLIANCE	Success	
IsaiahL@oncanyas.onmicrosoft.com	oncanyas:DEVELOPERPACK_E5	SAFEDOCS	Success	
IsaiahL@oncanyas.onmicrosoft.com	oncanyas:DEVELOPERPACK_E5	M365_ADVANCED_AUDITING	Success	
IsaiahL@oncanyas.onmicrosoft.com	oncanyas:DEVELOPERPACK_E5	YAMMER_ENTERPRISE	Success	
IsaiahL@oncanyas.onmicrosoft.com	oncanyas:DEVELOPERPACK_E5	WHITEBOARD_PLAN3	Success	
IsaiahL@oncanyas.onmicrosoft.com	oncanyas:DEVELOPERPACK_E5	BPOS_S_TODO_3	Success	
IsaiahL@oncanyas.onmicrosoft.com	oncanyas:DEVELOPERPACK_E5	SWAY	Success	
IsaiahL@oncanyas.onmicrosoft.com	oncanyas:DEVELOPERPACK_E5	MCOSTANDARD	Success	
IsaiahL@oncanyas.onmicrosoft.com	oncanyas:DEVELOPERPACK_E5	SHAREPOINTENTERPRISE	Success	
IsaiahL@oncanyas.onmicrosoft.com	oncanyas:DEVELOPERPACK_E5	POWERAPPS_O365_P3	Success	
IsaiahL@oncanyas.onmicrosoft.com	oncanyas:DEVELOPERPACK_E5	BI_AZURE_P2	Success	
IsaiahL@oncanyas.onmicrosoft.com	oncanyas:DEVELOPERPACK_E5	MCOEV	Success	
IsaiahL@oncanyas.onmicrosoft.com	oncanyas:DEVELOPERPACK_E5	SHAREPOINTWAC	Success	
IsaiahL@oncanyas.onmicrosoft.com	oncanyas:DEVELOPERPACK_E5	OFFICESUBSCRIPTION	Success	
IsaiahL@oncanyas.onmicrosoft.com	oncanyas:DEVELOPERPACK_E5	PAM_ENTERPRISE	Success	
IsaiahL@oncanyas.onmicrosoft.com	oncanyas:DEVELOPERPACK_E5	THREAT_INTELLIGENCE	Success	
IsaiahL@oncanyas.onmicrosoft.com	oncanyas:DEVELOPERPACK_E5	ATP_ENTERPRISE	PendingProvisioning	
IsaiahL@oncanyas.onmicrosoft.com	oncanyas:DEVELOPERPACK_E5	ADALLOM_S_O365	Success	
IsaiahL@oncanyas.onmicrosoft.com	oncanyas:DEVELOPERPACK_E5	EQUIVIO_ANALYTICS	Success	
IsaiahL@oncanyas.onmicrosoft.com	oncanyas:DEVELOPERPACK_E5	INTUNE_O365	PendingActivation	
IsaiahL@oncanyas.onmicrosoft.com	oncanyas:DEVELOPERPACK_E5	TEAMS1	Success	
IsaiahL@oncanyas.onmicrosoft.com	oncanyas:DEVELOPERPACK_E5	STREAM_O365_E5	Success	
IsaiahL@oncanyas.onmicrosoft.com	oncanyas:DEVELOPERPACK_E5	Deskless	Success	
IsaiahL@oncanyas.onmicrosoft.com	oncanyas:DEVELOPERPACK_E5	PROJECTWORKMANAGEMENT	Success	
IsaiahL@oncanyas.onmicrosoft.com	oncanyas:DEVELOPERPACK_E5	EXCHANGE_ANALYTICS	Success	
IsaiahL@oncanyas.onmicrosoft.com	oncanyas:DEVELOPERPACK_E5	INTUNE_A	PendingInput	
IsaiahL@oncanyas.onmicrosoft.com	oncanyas:DEVELOPERPACK_E5	FORMS_PLAN_E5	Success	
IsaiahL@oncanyas.onmicrosoft.com	oncanyas:DEVELOPERPACK_E5	ADALLOM_S_STANDALONE	Success	
IsaiahL@oncanyas.onmicrosoft.com	oncanyas:DEVELOPERPACK_E5	MFA_PREMIUM	Success	
IsaiahL@oncanyas.onmicrosoft.com	oncanyas:DEVELOPERPACK_E5	RMS_S_ENTERPRISE	Success	
IsaiahL@oncanyas.onmicrosoft.com	oncanyas:DEVELOPERPACK_E5	MIP_S_CLP1	Success	
IsaiahL@oncanyas.onmicrosoft.com	oncanyas:DEVELOPERPACK_E5	MIP_S_CLP2	Success	
IsaiahL@oncanyas.onmicrosoft.com	oncanyas:DEVELOPERPACK_E5	FLOW_O365_P3	Success	
IsaiahL@oncanyas.onmicrosoft.com	oncanyas:DEVELOPERPACK_E5	EXCHANGE_S_ENTERPRISE	Success	
IsaiahL@oncanyas.onmicrosoft.com	oncanyas:DEVELOPERPACK_E5	LOCKBOX_ENTERPRISE	Success	
IsaiahL@oncanyas.onmicrosoft.com	oncanyas:DEVELOPERPACK_E5	RMS_S_PREMIUM2	Success	
IsaiahL@oncanyas.onmicrosoft.com	oncanyas:DEVELOPERPACK_E5	RMS_S_PREMIUM	Success	
IsaiahL@oncanyas.onmicrosoft.com	oncanyas:DEVELOPERPACK_E5	ATA	Success	
IsaiahL@oncanyas.onmicrosoft.com	oncanyas:DEVELOPERPACK_E5	AAD_PREMIUM_P2	Success	
IsaiahL@oncanyas.onmicrosoft.com	oncanyas:DEVELOPERPACK_E5	AAD_PREMIUM	Success	
PradeepG@oncanyas.onmicrosoft.com	oncanyas:DEVELOPERPACK_E5	Nucleus	PendingProvisioning	
PradeepG@oncanyas.onmicrosoft.com	oncanyas:DEVELOPERPACK_E5	MIP_S_Exchange	Success	
PradeepG@oncanyas.onmicrosoft.com	oncanyas:DEVELOPERPACK_E5	MICROSOFT_COMMUNICATION_COMPLIANCE	Success	
PradeepG@oncanyas.onmicrosoft.com	oncanyas:DEVELOPERPACK_E5	GRAPH_CONNECTORS_SEARCH_INDEX	Success	
PradeepG@oncanyas.onmicrosoft.com	oncanyas:DEVELOPERPACK_E5	Content_Explorer	PendingProvisioning	
PradeepG@oncanyas.onmicrosoft.com	oncanyas:DEVELOPERPACK_E5	POWER_VIRTUAL_AGENTS_O365_P3	Success	
PradeepG@oncanyas.onmicrosoft.com	oncanyas:DEVELOPERPACK_E5	CDS_O365_P3	Success	
PradeepG@oncanyas.onmicrosoft.com	oncanyas:DEVELOPERPACK_E5	PROJECT_O365_P3	Success	
PradeepG@oncanyas.onmicrosoft.com	oncanyas:DEVELOPERPACK_E5	INSIDER_RISK	Success	
PradeepG@oncanyas.onmicrosoft.com	oncanyas:DEVELOPERPACK_E5	EXCEL_PREMIUM	Success	
PradeepG@oncanyas.onmicrosoft.com	oncanyas:DEVELOPERPACK_E5	MTP	Success	
PradeepG@oncanyas.onmicrosoft.com	oncanyas:DEVELOPERPACK_E5	MICROSOFT_SEARCH	PendingProvisioning	
PradeepG@oncanyas.onmicrosoft.com	oncanyas:DEVELOPERPACK_E5	DYN365_CDS_O365_P3	Success	
PradeepG@oncanyas.onmicrosoft.com	oncanyas:DEVELOPERPACK_E5	MICROSOFTBOOKINGS	Success	
PradeepG@oncanyas.onmicrosoft.com	oncanyas:DEVELOPERPACK_E5	RECORDS_MANAGEMENT	Success	
PradeepG@oncanyas.onmicrosoft.com	oncanyas:DEVELOPERPACK_E5	ML_CLASSIFICATION	Success	
PradeepG@oncanyas.onmicrosoft.com	oncanyas:DEVELOPERPACK_E5	INSIDER_RISK_MANAGEMENT	Success	
PradeepG@oncanyas.onmicrosoft.com	oncanyas:DEVELOPERPACK_E5	INFO_GOVERNANCE	Success	
PradeepG@oncanyas.onmicrosoft.com	oncanyas:DEVELOPERPACK_E5	DATA_INVESTIGATIONS	Success	
PradeepG@oncanyas.onmicrosoft.com	oncanyas:DEVELOPERPACK_E5	CUSTOMER_KEY	Success	
PradeepG@oncanyas.onmicrosoft.com	oncanyas:DEVELOPERPACK_E5	COMMUNICATIONS_DLP	Success	
PradeepG@oncanyas.onmicrosoft.com	oncanyas:DEVELOPERPACK_E5	COMMUNICATIONS_COMPLIANCE	Success	
PradeepG@oncanyas.onmicrosoft.com	oncanyas:DEVELOPERPACK_E5	SAFEDOCS	Success	
PradeepG@oncanyas.onmicrosoft.com	oncanyas:DEVELOPERPACK_E5	M365_ADVANCED_AUDITING	Success	
PradeepG@oncanyas.onmicrosoft.com	oncanyas:DEVELOPERPACK_E5	YAMMER_ENTERPRISE	Success	
PradeepG@oncanyas.onmicrosoft.com	oncanyas:DEVELOPERPACK_E5	WHITEBOARD_PLAN3	Success	
PradeepG@oncanyas.onmicrosoft.com	oncanyas:DEVELOPERPACK_E5	BPOS_S_TODO_3	Success	
PradeepG@oncanyas.onmicrosoft.com	oncanyas:DEVELOPERPACK_E5	SWAY	Success	
PradeepG@oncanyas.onmicrosoft.com	oncanyas:DEVELOPERPACK_E5	MCOSTANDARD	Success	
PradeepG@oncanyas.onmicrosoft.com	oncanyas:DEVELOPERPACK_E5	SHAREPOINTENTERPRISE	Success	
PradeepG@oncanyas.onmicrosoft.com	oncanyas:DEVELOPERPACK_E5	POWERAPPS_O365_P3	Success	
PradeepG@oncanyas.onmicrosoft.com	oncanyas:DEVELOPERPACK_E5	BI_AZURE_P2	Success	
PradeepG@oncanyas.onmicrosoft.com	oncanyas:DEVELOPERPACK_E5	MCOEV	Success	
PradeepG@oncanyas.onmicrosoft.com	oncanyas:DEVELOPERPACK_E5	SHAREPOINTWAC	Success	
PradeepG@oncanyas.onmicrosoft.com	oncanyas:DEVELOPERPACK_E5	OFFICESUBSCRIPTION	Success	
PradeepG@oncanyas.onmicrosoft.com	oncanyas:DEVELOPERPACK_E5	PAM_ENTERPRISE	Success	
PradeepG@oncanyas.onmicrosoft.com	oncanyas:DEVELOPERPACK_E5	THREAT_INTELLIGENCE	Success	
PradeepG@oncanyas.onmicrosoft.com	oncanyas:DEVELOPERPACK_E5	ATP_ENTERPRISE	PendingProvisioning	
PradeepG@oncanyas.onmicrosoft.com	oncanyas:DEVELOPERPACK_E5	ADALLOM_S_O365	Success	
PradeepG@oncanyas.onmicrosoft.com	oncanyas:DEVELOPERPACK_E5	EQUIVIO_ANALYTICS	Success	
PradeepG@oncanyas.onmicrosoft.com	oncanyas:DEVELOPERPACK_E5	INTUNE_O365	PendingActivation	
PradeepG@oncanyas.onmicrosoft.com	oncanyas:DEVELOPERPACK_E5	TEAMS1	Success	
PradeepG@oncanyas.onmicrosoft.com	oncanyas:DEVELOPERPACK_E5	STREAM_O365_E5	Success	
PradeepG@oncanyas.onmicrosoft.com	oncanyas:DEVELOPERPACK_E5	Deskless	Success	
PradeepG@oncanyas.onmicrosoft.com	oncanyas:DEVELOPERPACK_E5	PROJECTWORKMANAGEMENT	Success	
PradeepG@oncanyas.onmicrosoft.com	oncanyas:DEVELOPERPACK_E5	EXCHANGE_ANALYTICS	Success	
PradeepG@oncanyas.onmicrosoft.com	oncanyas:DEVELOPERPACK_E5	INTUNE_A	PendingInput	
PradeepG@oncanyas.onmicrosoft.com	oncanyas:DEVELOPERPACK_E5	FORMS_PLAN_E5	Success	
PradeepG@oncanyas.onmicrosoft.com	oncanyas:DEVELOPERPACK_E5	ADALLOM_S_STANDALONE	Success	
PradeepG@oncanyas.onmicrosoft.com	oncanyas:DEVELOPERPACK_E5	MFA_PREMIUM	Success	
PradeepG@oncanyas.onmicrosoft.com	oncanyas:DEVELOPERPACK_E5	RMS_S_ENTERPRISE	Success	
PradeepG@oncanyas.onmicrosoft.com	oncanyas:DEVELOPERPACK_E5	MIP_S_CLP1	Success	
PradeepG@oncanyas.onmicrosoft.com	oncanyas:DEVELOPERPACK_E5	MIP_S_CLP2	Success	
PradeepG@oncanyas.onmicrosoft.com	oncanyas:DEVELOPERPACK_E5	FLOW_O365_P3	Success	
PradeepG@oncanyas.onmicrosoft.com	oncanyas:DEVELOPERPACK_E5	EXCHANGE_S_ENTERPRISE	Success	
PradeepG@oncanyas.onmicrosoft.com	oncanyas:DEVELOPERPACK_E5	LOCKBOX_ENTERPRISE	Success	
PradeepG@oncanyas.onmicrosoft.com	oncanyas:DEVELOPERPACK_E5	RMS_S_PREMIUM2	Success	
PradeepG@oncanyas.onmicrosoft.com	oncanyas:DEVELOPERPACK_E5	RMS_S_PREMIUM	Success	
PradeepG@oncanyas.onmicrosoft.com	oncanyas:DEVELOPERPACK_E5	ATA	Success	
PradeepG@oncanyas.onmicrosoft.com	oncanyas:DEVELOPERPACK_E5	AAD_PREMIUM_P2	Success	
PradeepG@oncanyas.onmicrosoft.com	oncanyas:DEVELOPERPACK_E5	AAD_PREMIUM	Success	
HenriettaM@oncanyas.onmicrosoft.com	oncanyas:DEVELOPERPACK_E5	Nucleus	PendingProvisioning	
HenriettaM@oncanyas.onmicrosoft.com	oncanyas:DEVELOPERPACK_E5	MIP_S_Exchange	Success	
HenriettaM@oncanyas.onmicrosoft.com	oncanyas:DEVELOPERPACK_E5	MICROSOFT_COMMUNICATION_COMPLIANCE	Success	
HenriettaM@oncanyas.onmicrosoft.com	oncanyas:DEVELOPERPACK_E5	GRAPH_CONNECTORS_SEARCH_INDEX	Success	
HenriettaM@oncanyas.onmicrosoft.com	oncanyas:DEVELOPERPACK_E5	Content_Explorer	PendingProvisioning	
HenriettaM@oncanyas.onmicrosoft.com	oncanyas:DEVELOPERPACK_E5	POWER_VIRTUAL_AGENTS_O365_P3	Success	
HenriettaM@oncanyas.onmicrosoft.com	oncanyas:DEVELOPERPACK_E5	CDS_O365_P3	Success	
HenriettaM@oncanyas.onmicrosoft.com	oncanyas:DEVELOPERPACK_E5	PROJECT_O365_P3	Success	
HenriettaM@oncanyas.onmicrosoft.com	oncanyas:DEVELOPERPACK_E5	INSIDER_RISK	Success	
HenriettaM@oncanyas.onmicrosoft.com	oncanyas:DEVELOPERPACK_E5	EXCEL_PREMIUM	Success	
HenriettaM@oncanyas.onmicrosoft.com	oncanyas:DEVELOPERPACK_E5	MTP	Success	
HenriettaM@oncanyas.onmicrosoft.com	oncanyas:DEVELOPERPACK_E5	MICROSOFT_SEARCH	PendingProvisioning	
HenriettaM@oncanyas.onmicrosoft.com	oncanyas:DEVELOPERPACK_E5	DYN365_CDS_O365_P3	Success	
HenriettaM@oncanyas.onmicrosoft.com	oncanyas:DEVELOPERPACK_E5	MICROSOFTBOOKINGS	Success	
HenriettaM@oncanyas.onmicrosoft.com	oncanyas:DEVELOPERPACK_E5	RECORDS_MANAGEMENT	Success	
HenriettaM@oncanyas.onmicrosoft.com	oncanyas:DEVELOPERPACK_E5	INSIDER_RISK_MANAGEMENT	Success	
HenriettaM@oncanyas.onmicrosoft.com	oncanyas:DEVELOPERPACK_E5	INFO_GOVERNANCE	Success	
HenriettaM@oncanyas.onmicrosoft.com	oncanyas:DEVELOPERPACK_E5	DATA_INVESTIGATIONS	Success	
HenriettaM@oncanyas.onmicrosoft.com	oncanyas:DEVELOPERPACK_E5	CUSTOMER_KEY	Success	
HenriettaM@oncanyas.onmicrosoft.com	oncanyas:DEVELOPERPACK_E5	COMMUNICATIONS_DLP	Success	
HenriettaM@oncanyas.onmicrosoft.com	oncanyas:DEVELOPERPACK_E5	COMMUNICATIONS_COMPLIANCE	Success	
HenriettaM@oncanyas.onmicrosoft.com	oncanyas:DEVELOPERPACK_E5	SAFEDOCS	Success	
HenriettaM@oncanyas.onmicrosoft.com	oncanyas:DEVELOPERPACK_E5	M365_ADVANCED_AUDITING	Success	
HenriettaM@oncanyas.onmicrosoft.com	oncanyas:DEVELOPERPACK_E5	YAMMER_ENTERPRISE	Success	
HenriettaM@oncanyas.onmicrosoft.com	oncanyas:DEVELOPERPACK_E5	WHITEBOARD_PLAN3	Success	
HenriettaM@oncanyas.onmicrosoft.com	oncanyas:DEVELOPERPACK_E5	BPOS_S_TODO_3	Success	
HenriettaM@oncanyas.onmicrosoft.com	oncanyas:DEVELOPERPACK_E5	SWAY	Success	
HenriettaM@oncanyas.onmicrosoft.com	oncanyas:DEVELOPERPACK_E5	MCOSTANDARD	Success	
HenriettaM@oncanyas.onmicrosoft.com	oncanyas:DEVELOPERPACK_E5	SHAREPOINTENTERPRISE	Success	
HenriettaM@oncanyas.onmicrosoft.com	oncanyas:DEVELOPERPACK_E5	POWERAPPS_O365_P3	Success	
HenriettaM@oncanyas.onmicrosoft.com	oncanyas:DEVELOPERPACK_E5	BI_AZURE_P2	Success	
HenriettaM@oncanyas.onmicrosoft.com	oncanyas:DEVELOPERPACK_E5	MCOEV	Success	
HenriettaM@oncanyas.onmicrosoft.com	oncanyas:DEVELOPERPACK_E5	SHAREPOINTWAC	Success	
HenriettaM@oncanyas.onmicrosoft.com	oncanyas:DEVELOPERPACK_E5	OFFICESUBSCRIPTION	Success	
HenriettaM@oncanyas.onmicrosoft.com	oncanyas:DEVELOPERPACK_E5	PAM_ENTERPRISE	Success	
HenriettaM@oncanyas.onmicrosoft.com	oncanyas:DEVELOPERPACK_E5	THREAT_INTELLIGENCE	Success	
HenriettaM@oncanyas.onmicrosoft.com	oncanyas:DEVELOPERPACK_E5	ATP_ENTERPRISE	PendingProvisioning	
HenriettaM@oncanyas.onmicrosoft.com	oncanyas:DEVELOPERPACK_E5	ADALLOM_S_O365	Success	
HenriettaM@oncanyas.onmicrosoft.com	oncanyas:DEVELOPERPACK_E5	EQUIVIO_ANALYTICS	Success	
HenriettaM@oncanyas.onmicrosoft.com	oncanyas:DEVELOPERPACK_E5	INTUNE_O365	PendingActivation	
HenriettaM@oncanyas.onmicrosoft.com	oncanyas:DEVELOPERPACK_E5	TEAMS1	Success	
HenriettaM@oncanyas.onmicrosoft.com	oncanyas:DEVELOPERPACK_E5	STREAM_O365_E5	Success	
HenriettaM@oncanyas.onmicrosoft.com	oncanyas:DEVELOPERPACK_E5	Deskless	Success	
HenriettaM@oncanyas.onmicrosoft.com	oncanyas:DEVELOPERPACK_E5	PROJECTWORKMANAGEMENT	Success	
HenriettaM@oncanyas.onmicrosoft.com	oncanyas:DEVELOPERPACK_E5	EXCHANGE_ANALYTICS	Success	
HenriettaM@oncanyas.onmicrosoft.com	oncanyas:DEVELOPERPACK_E5	INTUNE_A	PendingInput	
HenriettaM@oncanyas.onmicrosoft.com	oncanyas:DEVELOPERPACK_E5	FORMS_PLAN_E5	Success	
HenriettaM@oncanyas.onmicrosoft.com	oncanyas:DEVELOPERPACK_E5	ADALLOM_S_STANDALONE	Success	
HenriettaM@oncanyas.onmicrosoft.com	oncanyas:DEVELOPERPACK_E5	MFA_PREMIUM	Success	
HenriettaM@oncanyas.onmicrosoft.com	oncanyas:DEVELOPERPACK_E5	RMS_S_ENTERPRISE	Success	
HenriettaM@oncanyas.onmicrosoft.com	oncanyas:DEVELOPERPACK_E5	MIP_S_CLP1	Success	
HenriettaM@oncanyas.onmicrosoft.com	oncanyas:DEVELOPERPACK_E5	MIP_S_CLP2	Success	
HenriettaM@oncanyas.onmicrosoft.com	oncanyas:DEVELOPERPACK_E5	FLOW_O365_P3	Success	
HenriettaM@oncanyas.onmicrosoft.com	oncanyas:DEVELOPERPACK_E5	EXCHANGE_S_ENTERPRISE	Success	
HenriettaM@oncanyas.onmicrosoft.com	oncanyas:DEVELOPERPACK_E5	LOCKBOX_ENTERPRISE	Success	
HenriettaM@oncanyas.onmicrosoft.com	oncanyas:DEVELOPERPACK_E5	RMS_S_PREMIUM2	Success	
HenriettaM@oncanyas.onmicrosoft.com	oncanyas:DEVELOPERPACK_E5	RMS_S_PREMIUM	Success	
HenriettaM@oncanyas.onmicrosoft.com	oncanyas:DEVELOPERPACK_E5	ATA	Success	
HenriettaM@oncanyas.onmicrosoft.com	oncanyas:DEVELOPERPACK_E5	AAD_PREMIUM_P2	Success	
HenriettaM@oncanyas.onmicrosoft.com	oncanyas:DEVELOPERPACK_E5	AAD_PREMIUM	Success	
JoniS@oncanyas.onmicrosoft.com	oncanyas:DEVELOPERPACK_E5	Nucleus	PendingProvisioning	
JoniS@oncanyas.onmicrosoft.com	oncanyas:DEVELOPERPACK_E5	MIP_S_Exchange	Success	
JoniS@oncanyas.onmicrosoft.com	oncanyas:DEVELOPERPACK_E5	MICROSOFT_COMMUNICATION_COMPLIANCE	Success	
JoniS@oncanyas.onmicrosoft.com	oncanyas:DEVELOPERPACK_E5	GRAPH_CONNECTORS_SEARCH_INDEX	Success	
JoniS@oncanyas.onmicrosoft.com	oncanyas:DEVELOPERPACK_E5	Content_Explorer	PendingProvisioning	
JoniS@oncanyas.onmicrosoft.com	oncanyas:DEVELOPERPACK_E5	POWER_VIRTUAL_AGENTS_O365_P3	Success	
JoniS@oncanyas.onmicrosoft.com	oncanyas:DEVELOPERPACK_E5	CDS_O365_P3	Success	
JoniS@oncanyas.onmicrosoft.com	oncanyas:DEVELOPERPACK_E5	PROJECT_O365_P3	Success	
JoniS@oncanyas.onmicrosoft.com	oncanyas:DEVELOPERPACK_E5	INSIDER_RISK	Success	
JoniS@oncanyas.onmicrosoft.com	oncanyas:DEVELOPERPACK_E5	EXCEL_PREMIUM	Success	
JoniS@oncanyas.onmicrosoft.com	oncanyas:DEVELOPERPACK_E5	MTP	Success	
JoniS@oncanyas.onmicrosoft.com	oncanyas:DEVELOPERPACK_E5	MICROSOFT_SEARCH	PendingProvisioning	
JoniS@oncanyas.onmicrosoft.com	oncanyas:DEVELOPERPACK_E5	DYN365_CDS_O365_P3	Success	
JoniS@oncanyas.onmicrosoft.com	oncanyas:DEVELOPERPACK_E5	MICROSOFTBOOKINGS	Success	
JoniS@oncanyas.onmicrosoft.com	oncanyas:DEVELOPERPACK_E5	RECORDS_MANAGEMENT	Success	
JoniS@oncanyas.onmicrosoft.com	oncanyas:DEVELOPERPACK_E5	ML_CLASSIFICATION	Success	
JoniS@oncanyas.onmicrosoft.com	oncanyas:DEVELOPERPACK_E5	INSIDER_RISK_MANAGEMENT	Success	
JoniS@oncanyas.onmicrosoft.com	oncanyas:DEVELOPERPACK_E5	INFO_GOVERNANCE	Success	
JoniS@oncanyas.onmicrosoft.com	oncanyas:DEVELOPERPACK_E5	DATA_INVESTIGATIONS	Success	
JoniS@oncanyas.onmicrosoft.com	oncanyas:DEVELOPERPACK_E5	CUSTOMER_KEY	Success	
JoniS@oncanyas.onmicrosoft.com	oncanyas:DEVELOPERPACK_E5	COMMUNICATIONS_DLP	Success	
JoniS@oncanyas.onmicrosoft.com	oncanyas:DEVELOPERPACK_E5	COMMUNICATIONS_COMPLIANCE	Success	
JoniS@oncanyas.onmicrosoft.com	oncanyas:DEVELOPERPACK_E5	SAFEDOCS	Success	
JoniS@oncanyas.onmicrosoft.com	oncanyas:DEVELOPERPACK_E5	M365_ADVANCED_AUDITING	Success	
JoniS@oncanyas.onmicrosoft.com	oncanyas:DEVELOPERPACK_E5	YAMMER_ENTERPRISE	Success	
JoniS@oncanyas.onmicrosoft.com	oncanyas:DEVELOPERPACK_E5	WHITEBOARD_PLAN3	Success	
JoniS@oncanyas.onmicrosoft.com	oncanyas:DEVELOPERPACK_E5	BPOS_S_TODO_3	Success	
JoniS@oncanyas.onmicrosoft.com	oncanyas:DEVELOPERPACK_E5	SWAY	Success	
JoniS@oncanyas.onmicrosoft.com	oncanyas:DEVELOPERPACK_E5	MCOSTANDARD	Success	
JoniS@oncanyas.onmicrosoft.com	oncanyas:DEVELOPERPACK_E5	SHAREPOINTENTERPRISE	Success	
JoniS@oncanyas.onmicrosoft.com	oncanyas:DEVELOPERPACK_E5	POWERAPPS_O365_P3	Success	
JoniS@oncanyas.onmicrosoft.com	oncanyas:DEVELOPERPACK_E5	BI_AZURE_P2	Success	
JoniS@oncanyas.onmicrosoft.com	oncanyas:DEVELOPERPACK_E5	MCOEV	Success	
JoniS@oncanyas.onmicrosoft.com	oncanyas:DEVELOPERPACK_E5	SHAREPOINTWAC	Success	
JoniS@oncanyas.onmicrosoft.com	oncanyas:DEVELOPERPACK_E5	OFFICESUBSCRIPTION	Success	
JoniS@oncanyas.onmicrosoft.com	oncanyas:DEVELOPERPACK_E5	PAM_ENTERPRISE	Success	
JoniS@oncanyas.onmicrosoft.com	oncanyas:DEVELOPERPACK_E5	THREAT_INTELLIGENCE	Success	
JoniS@oncanyas.onmicrosoft.com	oncanyas:DEVELOPERPACK_E5	ATP_ENTERPRISE	PendingProvisioning	
JoniS@oncanyas.onmicrosoft.com	oncanyas:DEVELOPERPACK_E5	ADALLOM_S_O365	Success	
JoniS@oncanyas.onmicrosoft.com	oncanyas:DEVELOPERPACK_E5	EQUIVIO_ANALYTICS	Success	
JoniS@oncanyas.onmicrosoft.com	oncanyas:DEVELOPERPACK_E5	INTUNE_O365	PendingActivation	
JoniS@oncanyas.onmicrosoft.com	oncanyas:DEVELOPERPACK_E5	TEAMS1	Success	
JoniS@oncanyas.onmicrosoft.com	oncanyas:DEVELOPERPACK_E5	STREAM_O365_E5	Success	
JoniS@oncanyas.onmicrosoft.com	oncanyas:DEVELOPERPACK_E5	Deskless	Success	
JoniS@oncanyas.onmicrosoft.com	oncanyas:DEVELOPERPACK_E5	PROJECTWORKMANAGEMENT	Success	
JoniS@oncanyas.onmicrosoft.com	oncanyas:DEVELOPERPACK_E5	EXCHANGE_ANALYTICS	Success	
JoniS@oncanyas.onmicrosoft.com	oncanyas:DEVELOPERPACK_E5	INTUNE_A	PendingInput	
JoniS@oncanyas.onmicrosoft.com	oncanyas:DEVELOPERPACK_E5	FORMS_PLAN_E5	Success	
JoniS@oncanyas.onmicrosoft.com	oncanyas:DEVELOPERPACK_E5	ADALLOM_S_STANDALONE	Success	
JoniS@oncanyas.onmicrosoft.com	oncanyas:DEVELOPERPACK_E5	MFA_PREMIUM	Success	
JoniS@oncanyas.onmicrosoft.com	oncanyas:DEVELOPERPACK_E5	RMS_S_ENTERPRISE	Success	
JoniS@oncanyas.onmicrosoft.com	oncanyas:DEVELOPERPACK_E5	MIP_S_CLP1	Success	
JoniS@oncanyas.onmicrosoft.com	oncanyas:DEVELOPERPACK_E5	MIP_S_CLP2	Success	
JoniS@oncanyas.onmicrosoft.com	oncanyas:DEVELOPERPACK_E5	FLOW_O365_P3	Success	
JoniS@oncanyas.onmicrosoft.com	oncanyas:DEVELOPERPACK_E5	EXCHANGE_S_ENTERPRISE	Success	
JoniS@oncanyas.onmicrosoft.com	oncanyas:DEVELOPERPACK_E5	LOCKBOX_ENTERPRISE	Success	
JoniS@oncanyas.onmicrosoft.com	oncanyas:DEVELOPERPACK_E5	RMS_S_PREMIUM2	Success	
JoniS@oncanyas.onmicrosoft.com	oncanyas:DEVELOPERPACK_E5	RMS_S_PREMIUM	Success	
JoniS@oncanyas.onmicrosoft.com	oncanyas:DEVELOPERPACK_E5	ATA	Success	
JoniS@oncanyas.onmicrosoft.com	oncanyas:DEVELOPERPACK_E5	AAD_PREMIUM_P2	Success	
JoniS@oncanyas.onmicrosoft.com	oncanyas:DEVELOPERPACK_E5	AAD_PREMIUM	Success	
PattiF@oncanyas.onmicrosoft.com	oncanyas:DEVELOPERPACK_E5	Nucleus	PendingProvisioning	
PattiF@oncanyas.onmicrosoft.com	oncanyas:DEVELOPERPACK_E5	MIP_S_Exchange	Success	
PattiF@oncanyas.onmicrosoft.com	oncanyas:DEVELOPERPACK_E5	MICROSOFT_COMMUNICATION_COMPLIANCE	Success	
PattiF@oncanyas.onmicrosoft.com	oncanyas:DEVELOPERPACK_E5	GRAPH_CONNECTORS_SEARCH_INDEX	Success	
PattiF@oncanyas.onmicrosoft.com	oncanyas:DEVELOPERPACK_E5	Content_Explorer	PendingProvisioning	
PattiF@oncanyas.onmicrosoft.com	oncanyas:DEVELOPERPACK_E5	POWER_VIRTUAL_AGENTS_O365_P3	Success	
PattiF@oncanyas.onmicrosoft.com	oncanyas:DEVELOPERPACK_E5	CDS_O365_P3	Success	
PattiF@oncanyas.onmicrosoft.com	oncanyas:DEVELOPERPACK_E5	PROJECT_O365_P3	Success	
PattiF@oncanyas.onmicrosoft.com	oncanyas:DEVELOPERPACK_E5	INSIDER_RISK	Success	
PattiF@oncanyas.onmicrosoft.com	oncanyas:DEVELOPERPACK_E5	EXCEL_PREMIUM	Success	
PattiF@oncanyas.onmicrosoft.com	oncanyas:DEVELOPERPACK_E5	MTP	Success	
PattiF@oncanyas.onmicrosoft.com	oncanyas:DEVELOPERPACK_E5	MICROSOFT_SEARCH	PendingProvisioning	
PattiF@oncanyas.onmicrosoft.com	oncanyas:DEVELOPERPACK_E5	DYN365_CDS_O365_P3	Success	
PattiF@oncanyas.onmicrosoft.com	oncanyas:DEVELOPERPACK_E5	MICROSOFTBOOKINGS	Success	
PattiF@oncanyas.onmicrosoft.com	oncanyas:DEVELOPERPACK_E5	RECORDS_MANAGEMENT	Success	
PattiF@oncanyas.onmicrosoft.com	oncanyas:DEVELOPERPACK_E5	ML_CLASSIFICATION	Success	
PattiF@oncanyas.onmicrosoft.com	oncanyas:DEVELOPERPACK_E5	INSIDER_RISK_MANAGEMENT	Success	
PattiF@oncanyas.onmicrosoft.com	oncanyas:DEVELOPERPACK_E5	INFO_GOVERNANCE	Success	
PattiF@oncanyas.onmicrosoft.com	oncanyas:DEVELOPERPACK_E5	DATA_INVESTIGATIONS	Success	
PattiF@oncanyas.onmicrosoft.com	oncanyas:DEVELOPERPACK_E5	CUSTOMER_KEY	Success	
PattiF@oncanyas.onmicrosoft.com	oncanyas:DEVELOPERPACK_E5	COMMUNICATIONS_DLP	Success	
PattiF@oncanyas.onmicrosoft.com	oncanyas:DEVELOPERPACK_E5	COMMUNICATIONS_COMPLIANCE	Success	
PattiF@oncanyas.onmicrosoft.com	oncanyas:DEVELOPERPACK_E5	SAFEDOCS	Success	
PattiF@oncanyas.onmicrosoft.com	oncanyas:DEVELOPERPACK_E5	M365_ADVANCED_AUDITING	Success	
PattiF@oncanyas.onmicrosoft.com	oncanyas:DEVELOPERPACK_E5	YAMMER_ENTERPRISE	Success	
PattiF@oncanyas.onmicrosoft.com	oncanyas:DEVELOPERPACK_E5	WHITEBOARD_PLAN3	Success	
PattiF@oncanyas.onmicrosoft.com	oncanyas:DEVELOPERPACK_E5	BPOS_S_TODO_3	Success	
PattiF@oncanyas.onmicrosoft.com	oncanyas:DEVELOPERPACK_E5	SWAY	Success	
PattiF@oncanyas.onmicrosoft.com	oncanyas:DEVELOPERPACK_E5	MCOSTANDARD	Success	
PattiF@oncanyas.onmicrosoft.com	oncanyas:DEVELOPERPACK_E5	SHAREPOINTENTERPRISE	Success	
PattiF@oncanyas.onmicrosoft.com	oncanyas:DEVELOPERPACK_E5	POWERAPPS_O365_P3	Success	
PattiF@oncanyas.onmicrosoft.com	oncanyas:DEVELOPERPACK_E5	BI_AZURE_P2	Success	
PattiF@oncanyas.onmicrosoft.com	oncanyas:DEVELOPERPACK_E5	MCOEV	Success	
PattiF@oncanyas.onmicrosoft.com	oncanyas:DEVELOPERPACK_E5	SHAREPOINTWAC	Success	
PattiF@oncanyas.onmicrosoft.com	oncanyas:DEVELOPERPACK_E5	OFFICESUBSCRIPTION	Success	
PattiF@oncanyas.onmicrosoft.com	oncanyas:DEVELOPERPACK_E5	PAM_ENTERPRISE	Success	
PattiF@oncanyas.onmicrosoft.com	oncanyas:DEVELOPERPACK_E5	THREAT_INTELLIGENCE	Success	
PattiF@oncanyas.onmicrosoft.com	oncanyas:DEVELOPERPACK_E5	ATP_ENTERPRISE	PendingProvisioning	
PattiF@oncanyas.onmicrosoft.com	oncanyas:DEVELOPERPACK_E5	ADALLOM_S_O365	Success	
PattiF@oncanyas.onmicrosoft.com	oncanyas:DEVELOPERPACK_E5	EQUIVIO_ANALYTICS	Success	
PattiF@oncanyas.onmicrosoft.com	oncanyas:DEVELOPERPACK_E5	INTUNE_O365	PendingActivation	
PattiF@oncanyas.onmicrosoft.com	oncanyas:DEVELOPERPACK_E5	TEAMS1	Success	
PattiF@oncanyas.onmicrosoft.com	oncanyas:DEVELOPERPACK_E5	STREAM_O365_E5	Success	
PattiF@oncanyas.onmicrosoft.com	oncanyas:DEVELOPERPACK_E5	Deskless	Success	
PattiF@oncanyas.onmicrosoft.com	oncanyas:DEVELOPERPACK_E5	PROJECTWORKMANAGEMENT	Success	
PattiF@oncanyas.onmicrosoft.com	oncanyas:DEVELOPERPACK_E5	EXCHANGE_ANALYTICS	Success	
PattiF@oncanyas.onmicrosoft.com	oncanyas:DEVELOPERPACK_E5	INTUNE_A	PendingInput	
PattiF@oncanyas.onmicrosoft.com	oncanyas:DEVELOPERPACK_E5	FORMS_PLAN_E5	Success	
PattiF@oncanyas.onmicrosoft.com	oncanyas:DEVELOPERPACK_E5	ADALLOM_S_STANDALONE	Success	
PattiF@oncanyas.onmicrosoft.com	oncanyas:DEVELOPERPACK_E5	MFA_PREMIUM	Success	
PattiF@oncanyas.onmicrosoft.com	oncanyas:DEVELOPERPACK_E5	RMS_S_ENTERPRISE	Success	
PattiF@oncanyas.onmicrosoft.com	oncanyas:DEVELOPERPACK_E5	MIP_S_CLP1	Success	
PattiF@oncanyas.onmicrosoft.com	oncanyas:DEVELOPERPACK_E5	MIP_S_CLP2	Success	
PattiF@oncanyas.onmicrosoft.com	oncanyas:DEVELOPERPACK_E5	FLOW_O365_P3	Success	
PattiF@oncanyas.onmicrosoft.com	oncanyas:DEVELOPERPACK_E5	EXCHANGE_S_ENTERPRISE	Success	
PattiF@oncanyas.onmicrosoft.com	oncanyas:DEVELOPERPACK_E5	LOCKBOX_ENTERPRISE	Success	
PattiF@oncanyas.onmicrosoft.com	oncanyas:DEVELOPERPACK_E5	RMS_S_PREMIUM2	Success	
PattiF@oncanyas.onmicrosoft.com	oncanyas:DEVELOPERPACK_E5	RMS_S_PREMIUM	Success	
PattiF@oncanyas.onmicrosoft.com	oncanyas:DEVELOPERPACK_E5	ATA	Success	
PattiF@oncanyas.onmicrosoft.com	oncanyas:DEVELOPERPACK_E5	AAD_PREMIUM_P2	Success	
PattiF@oncanyas.onmicrosoft.com	oncanyas:DEVELOPERPACK_E5	AAD_PREMIUM	Success	
LynneR@oncanyas.onmicrosoft.com	oncanyas:DEVELOPERPACK_E5	Nucleus	PendingProvisioning	
LynneR@oncanyas.onmicrosoft.com	oncanyas:DEVELOPERPACK_E5	MIP_S_Exchange	Success	
LynneR@oncanyas.onmicrosoft.com	oncanyas:DEVELOPERPACK_E5	MICROSOFT_COMMUNICATION_COMPLIANCE	Success	
LynneR@oncanyas.onmicrosoft.com	oncanyas:DEVELOPERPACK_E5	GRAPH_CONNECTORS_SEARCH_INDEX	Success	
LynneR@oncanyas.onmicrosoft.com	oncanyas:DEVELOPERPACK_E5	Content_Explorer	PendingProvisioning	
LynneR@oncanyas.onmicrosoft.com	oncanyas:DEVELOPERPACK_E5	POWER_VIRTUAL_AGENTS_O365_P3	Success	
LynneR@oncanyas.onmicrosoft.com	oncanyas:DEVELOPERPACK_E5	CDS_O365_P3	Success	
LynneR@oncanyas.onmicrosoft.com	oncanyas:DEVELOPERPACK_E5	PROJECT_O365_P3	Success	
LynneR@oncanyas.onmicrosoft.com	oncanyas:DEVELOPERPACK_E5	INSIDER_RISK	Success	
LynneR@oncanyas.onmicrosoft.com	oncanyas:DEVELOPERPACK_E5	EXCEL_PREMIUM	Success	
LynneR@oncanyas.onmicrosoft.com	oncanyas:DEVELOPERPACK_E5	MTP	Success	
LynneR@oncanyas.onmicrosoft.com	oncanyas:DEVELOPERPACK_E5	MICROSOFT_SEARCH	PendingProvisioning	
LynneR@oncanyas.onmicrosoft.com	oncanyas:DEVELOPERPACK_E5	DYN365_CDS_O365_P3	Success	
LynneR@oncanyas.onmicrosoft.com	oncanyas:DEVELOPERPACK_E5	MICROSOFTBOOKINGS	Success	
LynneR@oncanyas.onmicrosoft.com	oncanyas:DEVELOPERPACK_E5	RECORDS_MANAGEMENT	Success	
LynneR@oncanyas.onmicrosoft.com	oncanyas:DEVELOPERPACK_E5	ML_CLASSIFICATION	Success	
LynneR@oncanyas.onmicrosoft.com	oncanyas:DEVELOPERPACK_E5	INSIDER_RISK_MANAGEMENT	Success	
LynneR@oncanyas.onmicrosoft.com	oncanyas:DEVELOPERPACK_E5	INFO_GOVERNANCE	Success	
LynneR@oncanyas.onmicrosoft.com	oncanyas:DEVELOPERPACK_E5	DATA_INVESTIGATIONS	Success	
LynneR@oncanyas.onmicrosoft.com	oncanyas:DEVELOPERPACK_E5	CUSTOMER_KEY	Success	
LynneR@oncanyas.onmicrosoft.com	oncanyas:DEVELOPERPACK_E5	COMMUNICATIONS_DLP	Success	
LynneR@oncanyas.onmicrosoft.com	oncanyas:DEVELOPERPACK_E5	COMMUNICATIONS_COMPLIANCE	Success	
LynneR@oncanyas.onmicrosoft.com	oncanyas:DEVELOPERPACK_E5	SAFEDOCS	Success	
LynneR@oncanyas.onmicrosoft.com	oncanyas:DEVELOPERPACK_E5	M365_ADVANCED_AUDITING	Success	
LynneR@oncanyas.onmicrosoft.com	oncanyas:DEVELOPERPACK_E5	YAMMER_ENTERPRISE	Success	
LynneR@oncanyas.onmicrosoft.com	oncanyas:DEVELOPERPACK_E5	WHITEBOARD_PLAN3	Success	
LynneR@oncanyas.onmicrosoft.com	oncanyas:DEVELOPERPACK_E5	BPOS_S_TODO_3	Success	
LynneR@oncanyas.onmicrosoft.com	oncanyas:DEVELOPERPACK_E5	SWAY	Success	
LynneR@oncanyas.onmicrosoft.com	oncanyas:DEVELOPERPACK_E5	MCOSTANDARD	Success	
LynneR@oncanyas.onmicrosoft.com	oncanyas:DEVELOPERPACK_E5	SHAREPOINTENTERPRISE	Success	
LynneR@oncanyas.onmicrosoft.com	oncanyas:DEVELOPERPACK_E5	POWERAPPS_O365_P3	Success	
LynneR@oncanyas.onmicrosoft.com	oncanyas:DEVELOPERPACK_E5	BI_AZURE_P2	Success	
LynneR@oncanyas.onmicrosoft.com	oncanyas:DEVELOPERPACK_E5	MCOEV	Success	
LynneR@oncanyas.onmicrosoft.com	oncanyas:DEVELOPERPACK_E5	SHAREPOINTWAC	Success	
LynneR@oncanyas.onmicrosoft.com	oncanyas:DEVELOPERPACK_E5	OFFICESUBSCRIPTION	Success	
LynneR@oncanyas.onmicrosoft.com	oncanyas:DEVELOPERPACK_E5	PAM_ENTERPRISE	Success	
LynneR@oncanyas.onmicrosoft.com	oncanyas:DEVELOPERPACK_E5	THREAT_INTELLIGENCE	Success	
LynneR@oncanyas.onmicrosoft.com	oncanyas:DEVELOPERPACK_E5	ATP_ENTERPRISE	PendingProvisioning	
LynneR@oncanyas.onmicrosoft.com	oncanyas:DEVELOPERPACK_E5	ADALLOM_S_O365	Success	
LynneR@oncanyas.onmicrosoft.com	oncanyas:DEVELOPERPACK_E5	EQUIVIO_ANALYTICS	Success	
LynneR@oncanyas.onmicrosoft.com	oncanyas:DEVELOPERPACK_E5	INTUNE_O365	PendingActivation	
LynneR@oncanyas.onmicrosoft.com	oncanyas:DEVELOPERPACK_E5	TEAMS1	Success	
LynneR@oncanyas.onmicrosoft.com	oncanyas:DEVELOPERPACK_E5	STREAM_O365_E5	Success	
LynneR@oncanyas.onmicrosoft.com	oncanyas:DEVELOPERPACK_E5	Deskless	Success	
LynneR@oncanyas.onmicrosoft.com	oncanyas:DEVELOPERPACK_E5	PROJECTWORKMANAGEMENT	Success	
LynneR@oncanyas.onmicrosoft.com	oncanyas:DEVELOPERPACK_E5	EXCHANGE_ANALYTICS	Success	
LynneR@oncanyas.onmicrosoft.com	oncanyas:DEVELOPERPACK_E5	INTUNE_A	PendingInput	
LynneR@oncanyas.onmicrosoft.com	oncanyas:DEVELOPERPACK_E5	FORMS_PLAN_E5	Success	
LynneR@oncanyas.onmicrosoft.com	oncanyas:DEVELOPERPACK_E5	ADALLOM_S_STANDALONE	Success	
LynneR@oncanyas.onmicrosoft.com	oncanyas:DEVELOPERPACK_E5	MFA_PREMIUM	Success	
LynneR@oncanyas.onmicrosoft.com	oncanyas:DEVELOPERPACK_E5	RMS_S_ENTERPRISE	Success	
LynneR@oncanyas.onmicrosoft.com	oncanyas:DEVELOPERPACK_E5	MIP_S_CLP1	Success	
LynneR@oncanyas.onmicrosoft.com	oncanyas:DEVELOPERPACK_E5	MIP_S_CLP2	Success	
LynneR@oncanyas.onmicrosoft.com	oncanyas:DEVELOPERPACK_E5	FLOW_O365_P3	Success	
LynneR@oncanyas.onmicrosoft.com	oncanyas:DEVELOPERPACK_E5	EXCHANGE_S_ENTERPRISE	Success	
LynneR@oncanyas.onmicrosoft.com	oncanyas:DEVELOPERPACK_E5	LOCKBOX_ENTERPRISE	Success	
LynneR@oncanyas.onmicrosoft.com	oncanyas:DEVELOPERPACK_E5	RMS_S_PREMIUM2	Success	
LynneR@oncanyas.onmicrosoft.com	oncanyas:DEVELOPERPACK_E5	RMS_S_PREMIUM	Success	
LynneR@oncanyas.onmicrosoft.com	oncanyas:DEVELOPERPACK_E5	ATA	Success	
LynneR@oncanyas.onmicrosoft.com	oncanyas:DEVELOPERPACK_E5	AAD_PREMIUM_P2	Success	
LynneR@oncanyas.onmicrosoft.com	oncanyas:DEVELOPERPACK_E5	AAD_PREMIUM	Success	
NestorW@oncanyas.onmicrosoft.com	oncanyas:DEVELOPERPACK_E5	Nucleus	PendingProvisioning	
NestorW@oncanyas.onmicrosoft.com	oncanyas:DEVELOPERPACK_E5	MIP_S_Exchange	Success	
NestorW@oncanyas.onmicrosoft.com	oncanyas:DEVELOPERPACK_E5	MICROSOFT_COMMUNICATION_COMPLIANCE	Success	
NestorW@oncanyas.onmicrosoft.com	oncanyas:DEVELOPERPACK_E5	GRAPH_CONNECTORS_SEARCH_INDEX	Success	
NestorW@oncanyas.onmicrosoft.com	oncanyas:DEVELOPERPACK_E5	Content_Explorer	PendingProvisioning	
NestorW@oncanyas.onmicrosoft.com	oncanyas:DEVELOPERPACK_E5	POWER_VIRTUAL_AGENTS_O365_P3	Success	
NestorW@oncanyas.onmicrosoft.com	oncanyas:DEVELOPERPACK_E5	CDS_O365_P3	Success	
NestorW@oncanyas.onmicrosoft.com	oncanyas:DEVELOPERPACK_E5	PROJECT_O365_P3	Success	
NestorW@oncanyas.onmicrosoft.com	oncanyas:DEVELOPERPACK_E5	INSIDER_RISK	Success	
NestorW@oncanyas.onmicrosoft.com	oncanyas:DEVELOPERPACK_E5	EXCEL_PREMIUM	Success	
NestorW@oncanyas.onmicrosoft.com	oncanyas:DEVELOPERPACK_E5	MTP	Success	
NestorW@oncanyas.onmicrosoft.com	oncanyas:DEVELOPERPACK_E5	MICROSOFT_SEARCH	PendingProvisioning	
NestorW@oncanyas.onmicrosoft.com	oncanyas:DEVELOPERPACK_E5	DYN365_CDS_O365_P3	Success	
NestorW@oncanyas.onmicrosoft.com	oncanyas:DEVELOPERPACK_E5	MICROSOFTBOOKINGS	Success	
NestorW@oncanyas.onmicrosoft.com	oncanyas:DEVELOPERPACK_E5	RECORDS_MANAGEMENT	Success	
NestorW@oncanyas.onmicrosoft.com	oncanyas:DEVELOPERPACK_E5	ML_CLASSIFICATION	Success	
NestorW@oncanyas.onmicrosoft.com	oncanyas:DEVELOPERPACK_E5	INSIDER_RISK_MANAGEMENT	Success	
NestorW@oncanyas.onmicrosoft.com	oncanyas:DEVELOPERPACK_E5	INFO_GOVERNANCE	Success	
NestorW@oncanyas.onmicrosoft.com	oncanyas:DEVELOPERPACK_E5	DATA_INVESTIGATIONS	Success	
NestorW@oncanyas.onmicrosoft.com	oncanyas:DEVELOPERPACK_E5	CUSTOMER_KEY	Success	
NestorW@oncanyas.onmicrosoft.com	oncanyas:DEVELOPERPACK_E5	COMMUNICATIONS_DLP	Success	
NestorW@oncanyas.onmicrosoft.com	oncanyas:DEVELOPERPACK_E5	COMMUNICATIONS_COMPLIANCE	Success	
NestorW@oncanyas.onmicrosoft.com	oncanyas:DEVELOPERPACK_E5	SAFEDOCS	Success	
NestorW@oncanyas.onmicrosoft.com	oncanyas:DEVELOPERPACK_E5	M365_ADVANCED_AUDITING	Success	
NestorW@oncanyas.onmicrosoft.com	oncanyas:DEVELOPERPACK_E5	YAMMER_ENTERPRISE	Success	
NestorW@oncanyas.onmicrosoft.com	oncanyas:DEVELOPERPACK_E5	WHITEBOARD_PLAN3	Success	
NestorW@oncanyas.onmicrosoft.com	oncanyas:DEVELOPERPACK_E5	BPOS_S_TODO_3	Success	
NestorW@oncanyas.onmicrosoft.com	oncanyas:DEVELOPERPACK_E5	SWAY	Success	
NestorW@oncanyas.onmicrosoft.com	oncanyas:DEVELOPERPACK_E5	MCOSTANDARD	Success	
NestorW@oncanyas.onmicrosoft.com	oncanyas:DEVELOPERPACK_E5	SHAREPOINTENTERPRISE	Success	
NestorW@oncanyas.onmicrosoft.com	oncanyas:DEVELOPERPACK_E5	POWERAPPS_O365_P3	Success	
NestorW@oncanyas.onmicrosoft.com	oncanyas:DEVELOPERPACK_E5	BI_AZURE_P2	Success	
NestorW@oncanyas.onmicrosoft.com	oncanyas:DEVELOPERPACK_E5	MCOEV	Success	
NestorW@oncanyas.onmicrosoft.com	oncanyas:DEVELOPERPACK_E5	SHAREPOINTWAC	Success	
NestorW@oncanyas.onmicrosoft.com	oncanyas:DEVELOPERPACK_E5	OFFICESUBSCRIPTION	Success	
NestorW@oncanyas.onmicrosoft.com	oncanyas:DEVELOPERPACK_E5	PAM_ENTERPRISE	Success	
NestorW@oncanyas.onmicrosoft.com	oncanyas:DEVELOPERPACK_E5	THREAT_INTELLIGENCE	Success	
NestorW@oncanyas.onmicrosoft.com	oncanyas:DEVELOPERPACK_E5	ATP_ENTERPRISE	PendingProvisioning	
NestorW@oncanyas.onmicrosoft.com	oncanyas:DEVELOPERPACK_E5	ADALLOM_S_O365	Success	
NestorW@oncanyas.onmicrosoft.com	oncanyas:DEVELOPERPACK_E5	EQUIVIO_ANALYTICS	Success	
NestorW@oncanyas.onmicrosoft.com	oncanyas:DEVELOPERPACK_E5	INTUNE_O365	PendingActivation	
NestorW@oncanyas.onmicrosoft.com	oncanyas:DEVELOPERPACK_E5	TEAMS1	Success	
NestorW@oncanyas.onmicrosoft.com	oncanyas:DEVELOPERPACK_E5	STREAM_O365_E5	Success	
NestorW@oncanyas.onmicrosoft.com	oncanyas:DEVELOPERPACK_E5	Deskless	Success	
NestorW@oncanyas.onmicrosoft.com	oncanyas:DEVELOPERPACK_E5	PROJECTWORKMANAGEMENT	Success	
NestorW@oncanyas.onmicrosoft.com	oncanyas:DEVELOPERPACK_E5	EXCHANGE_ANALYTICS	Success	
NestorW@oncanyas.onmicrosoft.com	oncanyas:DEVELOPERPACK_E5	INTUNE_A	PendingInput	
NestorW@oncanyas.onmicrosoft.com	oncanyas:DEVELOPERPACK_E5	FORMS_PLAN_E5	Success	
NestorW@oncanyas.onmicrosoft.com	oncanyas:DEVELOPERPACK_E5	ADALLOM_S_STANDALONE	Success	
NestorW@oncanyas.onmicrosoft.com	oncanyas:DEVELOPERPACK_E5	MFA_PREMIUM	Success	
NestorW@oncanyas.onmicrosoft.com	oncanyas:DEVELOPERPACK_E5	RMS_S_ENTERPRISE	Success	
NestorW@oncanyas.onmicrosoft.com	oncanyas:DEVELOPERPACK_E5	MIP_S_CLP1	Success	
NestorW@oncanyas.onmicrosoft.com	oncanyas:DEVELOPERPACK_E5	MIP_S_CLP2	Success	
NestorW@oncanyas.onmicrosoft.com	oncanyas:DEVELOPERPACK_E5	FLOW_O365_P3	Success	
NestorW@oncanyas.onmicrosoft.com	oncanyas:DEVELOPERPACK_E5	EXCHANGE_S_ENTERPRISE	Success	
NestorW@oncanyas.onmicrosoft.com	oncanyas:DEVELOPERPACK_E5	LOCKBOX_ENTERPRISE	Success	
NestorW@oncanyas.onmicrosoft.com	oncanyas:DEVELOPERPACK_E5	RMS_S_PREMIUM2	Success	
NestorW@oncanyas.onmicrosoft.com	oncanyas:DEVELOPERPACK_E5	RMS_S_PREMIUM	Success	
NestorW@oncanyas.onmicrosoft.com	oncanyas:DEVELOPERPACK_E5	ATA	Success	
NestorW@oncanyas.onmicrosoft.com	oncanyas:DEVELOPERPACK_E5	AAD_PREMIUM_P2	Success	
NestorW@oncanyas.onmicrosoft.com	oncanyas:DEVELOPERPACK_E5	AAD_PREMIUM	Success	
MiriamG@oncanyas.onmicrosoft.com	oncanyas:DEVELOPERPACK_E5	Nucleus	PendingProvisioning	
MiriamG@oncanyas.onmicrosoft.com	oncanyas:DEVELOPERPACK_E5	MIP_S_Exchange	Success	
MiriamG@oncanyas.onmicrosoft.com	oncanyas:DEVELOPERPACK_E5	MICROSOFT_COMMUNICATION_COMPLIANCE	Success	
MiriamG@oncanyas.onmicrosoft.com	oncanyas:DEVELOPERPACK_E5	GRAPH_CONNECTORS_SEARCH_INDEX	Success	
MiriamG@oncanyas.onmicrosoft.com	oncanyas:DEVELOPERPACK_E5	Content_Explorer	PendingProvisioning	
MiriamG@oncanyas.onmicrosoft.com	oncanyas:DEVELOPERPACK_E5	POWER_VIRTUAL_AGENTS_O365_P3	Success	
MiriamG@oncanyas.onmicrosoft.com	oncanyas:DEVELOPERPACK_E5	CDS_O365_P3	Success	
MiriamG@oncanyas.onmicrosoft.com	oncanyas:DEVELOPERPACK_E5	PROJECT_O365_P3	Success	
MiriamG@oncanyas.onmicrosoft.com	oncanyas:DEVELOPERPACK_E5	INSIDER_RISK	Success	
MiriamG@oncanyas.onmicrosoft.com	oncanyas:DEVELOPERPACK_E5	EXCEL_PREMIUM	Success	
MiriamG@oncanyas.onmicrosoft.com	oncanyas:DEVELOPERPACK_E5	MTP	Success	
MiriamG@oncanyas.onmicrosoft.com	oncanyas:DEVELOPERPACK_E5	MICROSOFT_SEARCH	PendingProvisioning	
MiriamG@oncanyas.onmicrosoft.com	oncanyas:DEVELOPERPACK_E5	DYN365_CDS_O365_P3	Success	
MiriamG@oncanyas.onmicrosoft.com	oncanyas:DEVELOPERPACK_E5	MICROSOFTBOOKINGS	Success	
MiriamG@oncanyas.onmicrosoft.com	oncanyas:DEVELOPERPACK_E5	RECORDS_MANAGEMENT	Success	
MiriamG@oncanyas.onmicrosoft.com	oncanyas:DEVELOPERPACK_E5	ML_CLASSIFICATION	Success	
MiriamG@oncanyas.onmicrosoft.com	oncanyas:DEVELOPERPACK_E5	INSIDER_RISK_MANAGEMENT	Success	
MiriamG@oncanyas.onmicrosoft.com	oncanyas:DEVELOPERPACK_E5	INFO_GOVERNANCE	Success	
MiriamG@oncanyas.onmicrosoft.com	oncanyas:DEVELOPERPACK_E5	DATA_INVESTIGATIONS	Success	
MiriamG@oncanyas.onmicrosoft.com	oncanyas:DEVELOPERPACK_E5	CUSTOMER_KEY	Success	
MiriamG@oncanyas.onmicrosoft.com	oncanyas:DEVELOPERPACK_E5	COMMUNICATIONS_DLP	Success	
MiriamG@oncanyas.onmicrosoft.com	oncanyas:DEVELOPERPACK_E5	COMMUNICATIONS_COMPLIANCE	Success	
MiriamG@oncanyas.onmicrosoft.com	oncanyas:DEVELOPERPACK_E5	SAFEDOCS	Success	
MiriamG@oncanyas.onmicrosoft.com	oncanyas:DEVELOPERPACK_E5	M365_ADVANCED_AUDITING	Success	
MiriamG@oncanyas.onmicrosoft.com	oncanyas:DEVELOPERPACK_E5	YAMMER_ENTERPRISE	Success	
MiriamG@oncanyas.onmicrosoft.com	oncanyas:DEVELOPERPACK_E5	WHITEBOARD_PLAN3	Success	
MiriamG@oncanyas.onmicrosoft.com	oncanyas:DEVELOPERPACK_E5	BPOS_S_TODO_3	Success	
MiriamG@oncanyas.onmicrosoft.com	oncanyas:DEVELOPERPACK_E5	SWAY	Success	
MiriamG@oncanyas.onmicrosoft.com	oncanyas:DEVELOPERPACK_E5	MCOSTANDARD	Success	
MiriamG@oncanyas.onmicrosoft.com	oncanyas:DEVELOPERPACK_E5	SHAREPOINTENTERPRISE	Success	
MiriamG@oncanyas.onmicrosoft.com	oncanyas:DEVELOPERPACK_E5	POWERAPPS_O365_P3	Success	
MiriamG@oncanyas.onmicrosoft.com	oncanyas:DEVELOPERPACK_E5	BI_AZURE_P2	Success	
MiriamG@oncanyas.onmicrosoft.com	oncanyas:DEVELOPERPACK_E5	MCOEV	Success	
MiriamG@oncanyas.onmicrosoft.com	oncanyas:DEVELOPERPACK_E5	SHAREPOINTWAC	Success	
MiriamG@oncanyas.onmicrosoft.com	oncanyas:DEVELOPERPACK_E5	OFFICESUBSCRIPTION	Success	
MiriamG@oncanyas.onmicrosoft.com	oncanyas:DEVELOPERPACK_E5	PAM_ENTERPRISE	Success	
MiriamG@oncanyas.onmicrosoft.com	oncanyas:DEVELOPERPACK_E5	THREAT_INTELLIGENCE	Success	
MiriamG@oncanyas.onmicrosoft.com	oncanyas:DEVELOPERPACK_E5	ATP_ENTERPRISE	PendingProvisioning	
MiriamG@oncanyas.onmicrosoft.com	oncanyas:DEVELOPERPACK_E5	ADALLOM_S_O365	Success	
MiriamG@oncanyas.onmicrosoft.com	oncanyas:DEVELOPERPACK_E5	EQUIVIO_ANALYTICS	Success	
MiriamG@oncanyas.onmicrosoft.com	oncanyas:DEVELOPERPACK_E5	INTUNE_O365	PendingActivation	
MiriamG@oncanyas.onmicrosoft.com	oncanyas:DEVELOPERPACK_E5	TEAMS1	Success	
MiriamG@oncanyas.onmicrosoft.com	oncanyas:DEVELOPERPACK_E5	STREAM_O365_E5	Success	
MiriamG@oncanyas.onmicrosoft.com	oncanyas:DEVELOPERPACK_E5	Deskless	Success	
MiriamG@oncanyas.onmicrosoft.com	oncanyas:DEVELOPERPACK_E5	PROJECTWORKMANAGEMENT	Success	
MiriamG@oncanyas.onmicrosoft.com	oncanyas:DEVELOPERPACK_E5	EXCHANGE_ANALYTICS	Success	
MiriamG@oncanyas.onmicrosoft.com	oncanyas:DEVELOPERPACK_E5	INTUNE_A	PendingInput	
MiriamG@oncanyas.onmicrosoft.com	oncanyas:DEVELOPERPACK_E5	FORMS_PLAN_E5	Success	
MiriamG@oncanyas.onmicrosoft.com	oncanyas:DEVELOPERPACK_E5	ADALLOM_S_STANDALONE	Success	
MiriamG@oncanyas.onmicrosoft.com	oncanyas:DEVELOPERPACK_E5	MFA_PREMIUM	Success	
MiriamG@oncanyas.onmicrosoft.com	oncanyas:DEVELOPERPACK_E5	RMS_S_ENTERPRISE	Success	
MiriamG@oncanyas.onmicrosoft.com	oncanyas:DEVELOPERPACK_E5	MIP_S_CLP1	Success	
MiriamG@oncanyas.onmicrosoft.com	oncanyas:DEVELOPERPACK_E5	MIP_S_CLP2	Success	
MiriamG@oncanyas.onmicrosoft.com	oncanyas:DEVELOPERPACK_E5	FLOW_O365_P3	Success	
MiriamG@oncanyas.onmicrosoft.com	oncanyas:DEVELOPERPACK_E5	EXCHANGE_S_ENTERPRISE	Success	
MiriamG@oncanyas.onmicrosoft.com	oncanyas:DEVELOPERPACK_E5	LOCKBOX_ENTERPRISE	Success	
MiriamG@oncanyas.onmicrosoft.com	oncanyas:DEVELOPERPACK_E5	RMS_S_PREMIUM2	Success	
MiriamG@oncanyas.onmicrosoft.com	oncanyas:DEVELOPERPACK_E5	RMS_S_PREMIUM	Success	
MiriamG@oncanyas.onmicrosoft.com	oncanyas:DEVELOPERPACK_E5	ATA	Success	
MiriamG@oncanyas.onmicrosoft.com	oncanyas:DEVELOPERPACK_E5	AAD_PREMIUM_P2	Success	
MiriamG@oncanyas.onmicrosoft.com	oncanyas:DEVELOPERPACK_E5	AAD_PREMIUM	Success	
AlexW@oncanyas.onmicrosoft.com	oncanyas:DEVELOPERPACK_E5	Nucleus	PendingProvisioning	
AlexW@oncanyas.onmicrosoft.com	oncanyas:DEVELOPERPACK_E5	MIP_S_Exchange	Success	
AlexW@oncanyas.onmicrosoft.com	oncanyas:DEVELOPERPACK_E5	MICROSOFT_COMMUNICATION_COMPLIANCE	Success	
AlexW@oncanyas.onmicrosoft.com	oncanyas:DEVELOPERPACK_E5	GRAPH_CONNECTORS_SEARCH_INDEX	Success	
AlexW@oncanyas.onmicrosoft.com	oncanyas:DEVELOPERPACK_E5	Content_Explorer	PendingProvisioning	
AlexW@oncanyas.onmicrosoft.com	oncanyas:DEVELOPERPACK_E5	POWER_VIRTUAL_AGENTS_O365_P3	Success	
AlexW@oncanyas.onmicrosoft.com	oncanyas:DEVELOPERPACK_E5	CDS_O365_P3	Success	
AlexW@oncanyas.onmicrosoft.com	oncanyas:DEVELOPERPACK_E5	PROJECT_O365_P3	Success	
AlexW@oncanyas.onmicrosoft.com	oncanyas:DEVELOPERPACK_E5	INSIDER_RISK	Success	
AlexW@oncanyas.onmicrosoft.com	oncanyas:DEVELOPERPACK_E5	EXCEL_PREMIUM	Success	
AlexW@oncanyas.onmicrosoft.com	oncanyas:DEVELOPERPACK_E5	MTP	Success	
AlexW@oncanyas.onmicrosoft.com	oncanyas:DEVELOPERPACK_E5	MICROSOFT_SEARCH	PendingProvisioning	
AlexW@oncanyas.onmicrosoft.com	oncanyas:DEVELOPERPACK_E5	DYN365_CDS_O365_P3	Success	
AlexW@oncanyas.onmicrosoft.com	oncanyas:DEVELOPERPACK_E5	MICROSOFTBOOKINGS	Success	
AlexW@oncanyas.onmicrosoft.com	oncanyas:DEVELOPERPACK_E5	RECORDS_MANAGEMENT	Success	
AlexW@oncanyas.onmicrosoft.com	oncanyas:DEVELOPERPACK_E5	ML_CLASSIFICATION	Success	
AlexW@oncanyas.onmicrosoft.com	oncanyas:DEVELOPERPACK_E5	INSIDER_RISK_MANAGEMENT	Success	
AlexW@oncanyas.onmicrosoft.com	oncanyas:DEVELOPERPACK_E5	INFO_GOVERNANCE	Success	
AlexW@oncanyas.onmicrosoft.com	oncanyas:DEVELOPERPACK_E5	DATA_INVESTIGATIONS	Success	
AlexW@oncanyas.onmicrosoft.com	oncanyas:DEVELOPERPACK_E5	CUSTOMER_KEY	Success	
AlexW@oncanyas.onmicrosoft.com	oncanyas:DEVELOPERPACK_E5	COMMUNICATIONS_DLP	Success	
AlexW@oncanyas.onmicrosoft.com	oncanyas:DEVELOPERPACK_E5	COMMUNICATIONS_COMPLIANCE	Success	
AlexW@oncanyas.onmicrosoft.com	oncanyas:DEVELOPERPACK_E5	SAFEDOCS	Success	
AlexW@oncanyas.onmicrosoft.com	oncanyas:DEVELOPERPACK_E5	M365_ADVANCED_AUDITING	Success	
AlexW@oncanyas.onmicrosoft.com	oncanyas:DEVELOPERPACK_E5	YAMMER_ENTERPRISE	Success	
AlexW@oncanyas.onmicrosoft.com	oncanyas:DEVELOPERPACK_E5	WHITEBOARD_PLAN3	Success	
AlexW@oncanyas.onmicrosoft.com	oncanyas:DEVELOPERPACK_E5	BPOS_S_TODO_3	Success	
AlexW@oncanyas.onmicrosoft.com	oncanyas:DEVELOPERPACK_E5	SWAY	Success	
AlexW@oncanyas.onmicrosoft.com	oncanyas:DEVELOPERPACK_E5	MCOSTANDARD	Success	
AlexW@oncanyas.onmicrosoft.com	oncanyas:DEVELOPERPACK_E5	SHAREPOINTENTERPRISE	Success	
AlexW@oncanyas.onmicrosoft.com	oncanyas:DEVELOPERPACK_E5	POWERAPPS_O365_P3	Success	
AlexW@oncanyas.onmicrosoft.com	oncanyas:DEVELOPERPACK_E5	BI_AZURE_P2	Success	
AlexW@oncanyas.onmicrosoft.com	oncanyas:DEVELOPERPACK_E5	MCOEV	Success	
AlexW@oncanyas.onmicrosoft.com	oncanyas:DEVELOPERPACK_E5	SHAREPOINTWAC	Success	
AlexW@oncanyas.onmicrosoft.com	oncanyas:DEVELOPERPACK_E5	OFFICESUBSCRIPTION	Success	
AlexW@oncanyas.onmicrosoft.com	oncanyas:DEVELOPERPACK_E5	PAM_ENTERPRISE	Success	
AlexW@oncanyas.onmicrosoft.com	oncanyas:DEVELOPERPACK_E5	THREAT_INTELLIGENCE	Success	
AlexW@oncanyas.onmicrosoft.com	oncanyas:DEVELOPERPACK_E5	ATP_ENTERPRISE	PendingProvisioning	
AlexW@oncanyas.onmicrosoft.com	oncanyas:DEVELOPERPACK_E5	ADALLOM_S_O365	Success	
AlexW@oncanyas.onmicrosoft.com	oncanyas:DEVELOPERPACK_E5	EQUIVIO_ANALYTICS	Success	
AlexW@oncanyas.onmicrosoft.com	oncanyas:DEVELOPERPACK_E5	INTUNE_O365	PendingActivation	
AlexW@oncanyas.onmicrosoft.com	oncanyas:DEVELOPERPACK_E5	TEAMS1	Success	
AlexW@oncanyas.onmicrosoft.com	oncanyas:DEVELOPERPACK_E5	STREAM_O365_E5	Success	
AlexW@oncanyas.onmicrosoft.com	oncanyas:DEVELOPERPACK_E5	Deskless	Success	
AlexW@oncanyas.onmicrosoft.com	oncanyas:DEVELOPERPACK_E5	PROJECTWORKMANAGEMENT	Success	
AlexW@oncanyas.onmicrosoft.com	oncanyas:DEVELOPERPACK_E5	EXCHANGE_ANALYTICS	Success	
AlexW@oncanyas.onmicrosoft.com	oncanyas:DEVELOPERPACK_E5	INTUNE_A	PendingInput	
AlexW@oncanyas.onmicrosoft.com	oncanyas:DEVELOPERPACK_E5	FORMS_PLAN_E5	Success	
AlexW@oncanyas.onmicrosoft.com	oncanyas:DEVELOPERPACK_E5	ADALLOM_S_STANDALONE	Success	
AlexW@oncanyas.onmicrosoft.com	oncanyas:DEVELOPERPACK_E5	MFA_PREMIUM	Success	
AlexW@oncanyas.onmicrosoft.com	oncanyas:DEVELOPERPACK_E5	RMS_S_ENTERPRISE	Success	
AlexW@oncanyas.onmicrosoft.com	oncanyas:DEVELOPERPACK_E5	MIP_S_CLP1	Success	
AlexW@oncanyas.onmicrosoft.com	oncanyas:DEVELOPERPACK_E5	MIP_S_CLP2	Success	
AlexW@oncanyas.onmicrosoft.com	oncanyas:DEVELOPERPACK_E5	FLOW_O365_P3	Success	
AlexW@oncanyas.onmicrosoft.com	oncanyas:DEVELOPERPACK_E5	EXCHANGE_S_ENTERPRISE	Success	
AlexW@oncanyas.onmicrosoft.com	oncanyas:DEVELOPERPACK_E5	LOCKBOX_ENTERPRISE	Success	
AlexW@oncanyas.onmicrosoft.com	oncanyas:DEVELOPERPACK_E5	RMS_S_PREMIUM2	Success	
AlexW@oncanyas.onmicrosoft.com	oncanyas:DEVELOPERPACK_E5	RMS_S_PREMIUM	Success	
AlexW@oncanyas.onmicrosoft.com	oncanyas:DEVELOPERPACK_E5	ATA	Success	
AlexW@oncanyas.onmicrosoft.com	oncanyas:DEVELOPERPACK_E5	AAD_PREMIUM_P2	Success	
AlexW@oncanyas.onmicrosoft.com	oncanyas:DEVELOPERPACK_E5	AAD_PREMIUM	Success	
AdeleV@oncanyas.onmicrosoft.com	oncanyas:DEVELOPERPACK_E5	Nucleus	PendingProvisioning	
AdeleV@oncanyas.onmicrosoft.com	oncanyas:DEVELOPERPACK_E5	MIP_S_Exchange	Success	
AdeleV@oncanyas.onmicrosoft.com	oncanyas:DEVELOPERPACK_E5	MICROSOFT_COMMUNICATION_COMPLIANCE	Success	
AdeleV@oncanyas.onmicrosoft.com	oncanyas:DEVELOPERPACK_E5	GRAPH_CONNECTORS_SEARCH_INDEX	Success	
AdeleV@oncanyas.onmicrosoft.com	oncanyas:DEVELOPERPACK_E5	Content_Explorer	PendingProvisioning	
AdeleV@oncanyas.onmicrosoft.com	oncanyas:DEVELOPERPACK_E5	POWER_VIRTUAL_AGENTS_O365_P3	Success	
AdeleV@oncanyas.onmicrosoft.com	oncanyas:DEVELOPERPACK_E5	CDS_O365_P3	Success	
AdeleV@oncanyas.onmicrosoft.com	oncanyas:DEVELOPERPACK_E5	PROJECT_O365_P3	Success	
AdeleV@oncanyas.onmicrosoft.com	oncanyas:DEVELOPERPACK_E5	INSIDER_RISK	Success	
AdeleV@oncanyas.onmicrosoft.com	oncanyas:DEVELOPERPACK_E5	EXCEL_PREMIUM	Success	
AdeleV@oncanyas.onmicrosoft.com	oncanyas:DEVELOPERPACK_E5	MTP	Success	
AdeleV@oncanyas.onmicrosoft.com	oncanyas:DEVELOPERPACK_E5	MICROSOFT_SEARCH	PendingProvisioning	
AdeleV@oncanyas.onmicrosoft.com	oncanyas:DEVELOPERPACK_E5	DYN365_CDS_O365_P3	Success	
AdeleV@oncanyas.onmicrosoft.com	oncanyas:DEVELOPERPACK_E5	MICROSOFTBOOKINGS	Success	
AdeleV@oncanyas.onmicrosoft.com	oncanyas:DEVELOPERPACK_E5	RECORDS_MANAGEMENT	Success	
AdeleV@oncanyas.onmicrosoft.com	oncanyas:DEVELOPERPACK_E5	ML_CLASSIFICATION	Success	
AdeleV@oncanyas.onmicrosoft.com	oncanyas:DEVELOPERPACK_E5	INSIDER_RISK_MANAGEMENT	Success	
AdeleV@oncanyas.onmicrosoft.com	oncanyas:DEVELOPERPACK_E5	INFO_GOVERNANCE	Success	
AdeleV@oncanyas.onmicrosoft.com	oncanyas:DEVELOPERPACK_E5	DATA_INVESTIGATIONS	Success	
AdeleV@oncanyas.onmicrosoft.com	oncanyas:DEVELOPERPACK_E5	CUSTOMER_KEY	Success	
AdeleV@oncanyas.onmicrosoft.com	oncanyas:DEVELOPERPACK_E5	COMMUNICATIONS_DLP	Success	
AdeleV@oncanyas.onmicrosoft.com	oncanyas:DEVELOPERPACK_E5	COMMUNICATIONS_COMPLIANCE	Success	
AdeleV@oncanyas.onmicrosoft.com	oncanyas:DEVELOPERPACK_E5	SAFEDOCS	Success	
AdeleV@oncanyas.onmicrosoft.com	oncanyas:DEVELOPERPACK_E5	M365_ADVANCED_AUDITING	Success	
AdeleV@oncanyas.onmicrosoft.com	oncanyas:DEVELOPERPACK_E5	YAMMER_ENTERPRISE	Success	
AdeleV@oncanyas.onmicrosoft.com	oncanyas:DEVELOPERPACK_E5	WHITEBOARD_PLAN3	Success	
AdeleV@oncanyas.onmicrosoft.com	oncanyas:DEVELOPERPACK_E5	BPOS_S_TODO_3	Success	
AdeleV@oncanyas.onmicrosoft.com	oncanyas:DEVELOPERPACK_E5	SWAY	Success	
AdeleV@oncanyas.onmicrosoft.com	oncanyas:DEVELOPERPACK_E5	MCOSTANDARD	Success	
AdeleV@oncanyas.onmicrosoft.com	oncanyas:DEVELOPERPACK_E5	SHAREPOINTENTERPRISE	Success	
AdeleV@oncanyas.onmicrosoft.com	oncanyas:DEVELOPERPACK_E5	POWERAPPS_O365_P3	Success	
AdeleV@oncanyas.onmicrosoft.com	oncanyas:DEVELOPERPACK_E5	BI_AZURE_P2	Success	
AdeleV@oncanyas.onmicrosoft.com	oncanyas:DEVELOPERPACK_E5	MCOEV	Success	
AdeleV@oncanyas.onmicrosoft.com	oncanyas:DEVELOPERPACK_E5	SHAREPOINTWAC	Success	
AdeleV@oncanyas.onmicrosoft.com	oncanyas:DEVELOPERPACK_E5	OFFICESUBSCRIPTION	Success	
AdeleV@oncanyas.onmicrosoft.com	oncanyas:DEVELOPERPACK_E5	PAM_ENTERPRISE	Success	
AdeleV@oncanyas.onmicrosoft.com	oncanyas:DEVELOPERPACK_E5	THREAT_INTELLIGENCE	Success	
AdeleV@oncanyas.onmicrosoft.com	oncanyas:DEVELOPERPACK_E5	ATP_ENTERPRISE	PendingProvisioning	
AdeleV@oncanyas.onmicrosoft.com	oncanyas:DEVELOPERPACK_E5	ADALLOM_S_O365	Success	
AdeleV@oncanyas.onmicrosoft.com	oncanyas:DEVELOPERPACK_E5	EQUIVIO_ANALYTICS	Success	
AdeleV@oncanyas.onmicrosoft.com	oncanyas:DEVELOPERPACK_E5	INTUNE_O365	PendingActivation	
AdeleV@oncanyas.onmicrosoft.com	oncanyas:DEVELOPERPACK_E5	TEAMS1	Success	
AdeleV@oncanyas.onmicrosoft.com	oncanyas:DEVELOPERPACK_E5	STREAM_O365_E5	Success	
AdeleV@oncanyas.onmicrosoft.com	oncanyas:DEVELOPERPACK_E5	Deskless	Success	
AdeleV@oncanyas.onmicrosoft.com	oncanyas:DEVELOPERPACK_E5	PROJECTWORKMANAGEMENT	Success	
AdeleV@oncanyas.onmicrosoft.com	oncanyas:DEVELOPERPACK_E5	EXCHANGE_ANALYTICS	Success	
AdeleV@oncanyas.onmicrosoft.com	oncanyas:DEVELOPERPACK_E5	INTUNE_A	PendingInput	
AdeleV@oncanyas.onmicrosoft.com	oncanyas:DEVELOPERPACK_E5	FORMS_PLAN_E5	Success	
AdeleV@oncanyas.onmicrosoft.com	oncanyas:DEVELOPERPACK_E5	ADALLOM_S_STANDALONE	Success	
AdeleV@oncanyas.onmicrosoft.com	oncanyas:DEVELOPERPACK_E5	MFA_PREMIUM	Success	
AdeleV@oncanyas.onmicrosoft.com	oncanyas:DEVELOPERPACK_E5	RMS_S_ENTERPRISE	Success	
AdeleV@oncanyas.onmicrosoft.com	oncanyas:DEVELOPERPACK_E5	MIP_S_CLP1	Success	
AdeleV@oncanyas.onmicrosoft.com	oncanyas:DEVELOPERPACK_E5	MIP_S_CLP2	Success	
AdeleV@oncanyas.onmicrosoft.com	oncanyas:DEVELOPERPACK_E5	FLOW_O365_P3	Success	
AdeleV@oncanyas.onmicrosoft.com	oncanyas:DEVELOPERPACK_E5	EXCHANGE_S_ENTERPRISE	Success	
AdeleV@oncanyas.onmicrosoft.com	oncanyas:DEVELOPERPACK_E5	LOCKBOX_ENTERPRISE	Success	
AdeleV@oncanyas.onmicrosoft.com	oncanyas:DEVELOPERPACK_E5	RMS_S_PREMIUM2	Success	
AdeleV@oncanyas.onmicrosoft.com	oncanyas:DEVELOPERPACK_E5	RMS_S_PREMIUM	Success	
AdeleV@oncanyas.onmicrosoft.com	oncanyas:DEVELOPERPACK_E5	ATA	Success	
AdeleV@oncanyas.onmicrosoft.com	oncanyas:DEVELOPERPACK_E5	AAD_PREMIUM_P2	Success	
AdeleV@oncanyas.onmicrosoft.com	oncanyas:DEVELOPERPACK_E5	AAD_PREMIUM	Success	
LidiaH@oncanyas.onmicrosoft.com	oncanyas:DEVELOPERPACK_E5	Nucleus	PendingProvisioning	
LidiaH@oncanyas.onmicrosoft.com	oncanyas:DEVELOPERPACK_E5	MIP_S_Exchange	Success	
LidiaH@oncanyas.onmicrosoft.com	oncanyas:DEVELOPERPACK_E5	MICROSOFT_COMMUNICATION_COMPLIANCE	Success	
LidiaH@oncanyas.onmicrosoft.com	oncanyas:DEVELOPERPACK_E5	GRAPH_CONNECTORS_SEARCH_INDEX	Success	
LidiaH@oncanyas.onmicrosoft.com	oncanyas:DEVELOPERPACK_E5	Content_Explorer	PendingProvisioning	
LidiaH@oncanyas.onmicrosoft.com	oncanyas:DEVELOPERPACK_E5	POWER_VIRTUAL_AGENTS_O365_P3	Success	
LidiaH@oncanyas.onmicrosoft.com	oncanyas:DEVELOPERPACK_E5	CDS_O365_P3	Success	
LidiaH@oncanyas.onmicrosoft.com	oncanyas:DEVELOPERPACK_E5	PROJECT_O365_P3	Success	
LidiaH@oncanyas.onmicrosoft.com	oncanyas:DEVELOPERPACK_E5	INSIDER_RISK	Success	
LidiaH@oncanyas.onmicrosoft.com	oncanyas:DEVELOPERPACK_E5	EXCEL_PREMIUM	Success	
LidiaH@oncanyas.onmicrosoft.com	oncanyas:DEVELOPERPACK_E5	MTP	Success	
LidiaH@oncanyas.onmicrosoft.com	oncanyas:DEVELOPERPACK_E5	MICROSOFT_SEARCH	PendingProvisioning	
LidiaH@oncanyas.onmicrosoft.com	oncanyas:DEVELOPERPACK_E5	DYN365_CDS_O365_P3	Success	
LidiaH@oncanyas.onmicrosoft.com	oncanyas:DEVELOPERPACK_E5	MICROSOFTBOOKINGS	Success	
LidiaH@oncanyas.onmicrosoft.com	oncanyas:DEVELOPERPACK_E5	RECORDS_MANAGEMENT	Success	
LidiaH@oncanyas.onmicrosoft.com	oncanyas:DEVELOPERPACK_E5	ML_CLASSIFICATION	Success	
LidiaH@oncanyas.onmicrosoft.com	oncanyas:DEVELOPERPACK_E5	INSIDER_RISK_MANAGEMENT	Success	
LidiaH@oncanyas.onmicrosoft.com	oncanyas:DEVELOPERPACK_E5	INFO_GOVERNANCE	Success	
LidiaH@oncanyas.onmicrosoft.com	oncanyas:DEVELOPERPACK_E5	DATA_INVESTIGATIONS	Success	
LidiaH@oncanyas.onmicrosoft.com	oncanyas:DEVELOPERPACK_E5	CUSTOMER_KEY	Success	
LidiaH@oncanyas.onmicrosoft.com	oncanyas:DEVELOPERPACK_E5	COMMUNICATIONS_DLP	Success	
LidiaH@oncanyas.onmicrosoft.com	oncanyas:DEVELOPERPACK_E5	COMMUNICATIONS_COMPLIANCE	Success	
LidiaH@oncanyas.onmicrosoft.com	oncanyas:DEVELOPERPACK_E5	SAFEDOCS	Success	
LidiaH@oncanyas.onmicrosoft.com	oncanyas:DEVELOPERPACK_E5	M365_ADVANCED_AUDITING	Success	
LidiaH@oncanyas.onmicrosoft.com	oncanyas:DEVELOPERPACK_E5	YAMMER_ENTERPRISE	Success	
LidiaH@oncanyas.onmicrosoft.com	oncanyas:DEVELOPERPACK_E5	WHITEBOARD_PLAN3	Success	
LidiaH@oncanyas.onmicrosoft.com	oncanyas:DEVELOPERPACK_E5	BPOS_S_TODO_3	Success	
LidiaH@oncanyas.onmicrosoft.com	oncanyas:DEVELOPERPACK_E5	SWAY	Success	
LidiaH@oncanyas.onmicrosoft.com	oncanyas:DEVELOPERPACK_E5	MCOSTANDARD	Success	
LidiaH@oncanyas.onmicrosoft.com	oncanyas:DEVELOPERPACK_E5	SHAREPOINTENTERPRISE	Success	
LidiaH@oncanyas.onmicrosoft.com	oncanyas:DEVELOPERPACK_E5	POWERAPPS_O365_P3	Success	
LidiaH@oncanyas.onmicrosoft.com	oncanyas:DEVELOPERPACK_E5	BI_AZURE_P2	Success	
LidiaH@oncanyas.onmicrosoft.com	oncanyas:DEVELOPERPACK_E5	MCOEV	Success	
LidiaH@oncanyas.onmicrosoft.com	oncanyas:DEVELOPERPACK_E5	SHAREPOINTWAC	Success	
LidiaH@oncanyas.onmicrosoft.com	oncanyas:DEVELOPERPACK_E5	OFFICESUBSCRIPTION	Success	
LidiaH@oncanyas.onmicrosoft.com	oncanyas:DEVELOPERPACK_E5	PAM_ENTERPRISE	Success	
LidiaH@oncanyas.onmicrosoft.com	oncanyas:DEVELOPERPACK_E5	THREAT_INTELLIGENCE	Success	
LidiaH@oncanyas.onmicrosoft.com	oncanyas:DEVELOPERPACK_E5	ATP_ENTERPRISE	PendingProvisioning	
LidiaH@oncanyas.onmicrosoft.com	oncanyas:DEVELOPERPACK_E5	ADALLOM_S_O365	Success	
LidiaH@oncanyas.onmicrosoft.com	oncanyas:DEVELOPERPACK_E5	EQUIVIO_ANALYTICS	Success	
LidiaH@oncanyas.onmicrosoft.com	oncanyas:DEVELOPERPACK_E5	INTUNE_O365	PendingActivation	
LidiaH@oncanyas.onmicrosoft.com	oncanyas:DEVELOPERPACK_E5	TEAMS1	Success	
LidiaH@oncanyas.onmicrosoft.com	oncanyas:DEVELOPERPACK_E5	STREAM_O365_E5	Success	
LidiaH@oncanyas.onmicrosoft.com	oncanyas:DEVELOPERPACK_E5	Deskless	Success	
LidiaH@oncanyas.onmicrosoft.com	oncanyas:DEVELOPERPACK_E5	PROJECTWORKMANAGEMENT	Success	
LidiaH@oncanyas.onmicrosoft.com	oncanyas:DEVELOPERPACK_E5	EXCHANGE_ANALYTICS	Success	
LidiaH@oncanyas.onmicrosoft.com	oncanyas:DEVELOPERPACK_E5	INTUNE_A	PendingInput	
LidiaH@oncanyas.onmicrosoft.com	oncanyas:DEVELOPERPACK_E5	FORMS_PLAN_E5	Success	
LidiaH@oncanyas.onmicrosoft.com	oncanyas:DEVELOPERPACK_E5	ADALLOM_S_STANDALONE	Success	
LidiaH@oncanyas.onmicrosoft.com	oncanyas:DEVELOPERPACK_E5	MFA_PREMIUM	Success	
LidiaH@oncanyas.onmicrosoft.com	oncanyas:DEVELOPERPACK_E5	RMS_S_ENTERPRISE	Success	
LidiaH@oncanyas.onmicrosoft.com	oncanyas:DEVELOPERPACK_E5	MIP_S_CLP1	Success	
LidiaH@oncanyas.onmicrosoft.com	oncanyas:DEVELOPERPACK_E5	MIP_S_CLP2	Success	
LidiaH@oncanyas.onmicrosoft.com	oncanyas:DEVELOPERPACK_E5	FLOW_O365_P3	Success	
LidiaH@oncanyas.onmicrosoft.com	oncanyas:DEVELOPERPACK_E5	EXCHANGE_S_ENTERPRISE	Success	
LidiaH@oncanyas.onmicrosoft.com	oncanyas:DEVELOPERPACK_E5	LOCKBOX_ENTERPRISE	Success	
LidiaH@oncanyas.onmicrosoft.com	oncanyas:DEVELOPERPACK_E5	RMS_S_PREMIUM2	Success	
LidiaH@oncanyas.onmicrosoft.com	oncanyas:DEVELOPERPACK_E5	RMS_S_PREMIUM	Success	
LidiaH@oncanyas.onmicrosoft.com	oncanyas:DEVELOPERPACK_E5	ATA	Success	
LidiaH@oncanyas.onmicrosoft.com	oncanyas:DEVELOPERPACK_E5	AAD_PREMIUM_P2	Success	
LidiaH@oncanyas.onmicrosoft.com	oncanyas:DEVELOPERPACK_E5	AAD_PREMIUM	Success	
DiegoS@oncanyas.onmicrosoft.com	oncanyas:DEVELOPERPACK_E5	Nucleus	PendingProvisioning	
DiegoS@oncanyas.onmicrosoft.com	oncanyas:DEVELOPERPACK_E5	MIP_S_Exchange	Success	
DiegoS@oncanyas.onmicrosoft.com	oncanyas:DEVELOPERPACK_E5	MICROSOFT_COMMUNICATION_COMPLIANCE	Success	
DiegoS@oncanyas.onmicrosoft.com	oncanyas:DEVELOPERPACK_E5	GRAPH_CONNECTORS_SEARCH_INDEX	Success	
DiegoS@oncanyas.onmicrosoft.com	oncanyas:DEVELOPERPACK_E5	Content_Explorer	PendingProvisioning	
DiegoS@oncanyas.onmicrosoft.com	oncanyas:DEVELOPERPACK_E5	POWER_VIRTUAL_AGENTS_O365_P3	Success	
DiegoS@oncanyas.onmicrosoft.com	oncanyas:DEVELOPERPACK_E5	CDS_O365_P3	Success	
DiegoS@oncanyas.onmicrosoft.com	oncanyas:DEVELOPERPACK_E5	PROJECT_O365_P3	Success	
DiegoS@oncanyas.onmicrosoft.com	oncanyas:DEVELOPERPACK_E5	INSIDER_RISK	Success	
DiegoS@oncanyas.onmicrosoft.com	oncanyas:DEVELOPERPACK_E5	EXCEL_PREMIUM	Success	
DiegoS@oncanyas.onmicrosoft.com	oncanyas:DEVELOPERPACK_E5	MTP	Success	
DiegoS@oncanyas.onmicrosoft.com	oncanyas:DEVELOPERPACK_E5	MICROSOFT_SEARCH	PendingProvisioning	
DiegoS@oncanyas.onmicrosoft.com	oncanyas:DEVELOPERPACK_E5	DYN365_CDS_O365_P3	Success	
DiegoS@oncanyas.onmicrosoft.com	oncanyas:DEVELOPERPACK_E5	MICROSOFTBOOKINGS	Success	
DiegoS@oncanyas.onmicrosoft.com	oncanyas:DEVELOPERPACK_E5	RECORDS_MANAGEMENT	Success	
DiegoS@oncanyas.onmicrosoft.com	oncanyas:DEVELOPERPACK_E5	ML_CLASSIFICATION	Success	
DiegoS@oncanyas.onmicrosoft.com	oncanyas:DEVELOPERPACK_E5	INSIDER_RISK_MANAGEMENT	Success	
DiegoS@oncanyas.onmicrosoft.com	oncanyas:DEVELOPERPACK_E5	INFO_GOVERNANCE	Success	
DiegoS@oncanyas.onmicrosoft.com	oncanyas:DEVELOPERPACK_E5	DATA_INVESTIGATIONS	Success	
DiegoS@oncanyas.onmicrosoft.com	oncanyas:DEVELOPERPACK_E5	CUSTOMER_KEY	Success	
DiegoS@oncanyas.onmicrosoft.com	oncanyas:DEVELOPERPACK_E5	COMMUNICATIONS_DLP	Success	
DiegoS@oncanyas.onmicrosoft.com	oncanyas:DEVELOPERPACK_E5	COMMUNICATIONS_COMPLIANCE	Success	
DiegoS@oncanyas.onmicrosoft.com	oncanyas:DEVELOPERPACK_E5	SAFEDOCS	Success	
DiegoS@oncanyas.onmicrosoft.com	oncanyas:DEVELOPERPACK_E5	M365_ADVANCED_AUDITING	Success	
DiegoS@oncanyas.onmicrosoft.com	oncanyas:DEVELOPERPACK_E5	YAMMER_ENTERPRISE	Success	
DiegoS@oncanyas.onmicrosoft.com	oncanyas:DEVELOPERPACK_E5	WHITEBOARD_PLAN3	Success	
DiegoS@oncanyas.onmicrosoft.com	oncanyas:DEVELOPERPACK_E5	BPOS_S_TODO_3	Success	
DiegoS@oncanyas.onmicrosoft.com	oncanyas:DEVELOPERPACK_E5	SWAY	Success	
DiegoS@oncanyas.onmicrosoft.com	oncanyas:DEVELOPERPACK_E5	MCOSTANDARD	Success	
DiegoS@oncanyas.onmicrosoft.com	oncanyas:DEVELOPERPACK_E5	SHAREPOINTENTERPRISE	Success	
DiegoS@oncanyas.onmicrosoft.com	oncanyas:DEVELOPERPACK_E5	POWERAPPS_O365_P3	Success	
DiegoS@oncanyas.onmicrosoft.com	oncanyas:DEVELOPERPACK_E5	BI_AZURE_P2	Success	
DiegoS@oncanyas.onmicrosoft.com	oncanyas:DEVELOPERPACK_E5	MCOEV	Success	
DiegoS@oncanyas.onmicrosoft.com	oncanyas:DEVELOPERPACK_E5	SHAREPOINTWAC	Success	
DiegoS@oncanyas.onmicrosoft.com	oncanyas:DEVELOPERPACK_E5	OFFICESUBSCRIPTION	Success	
DiegoS@oncanyas.onmicrosoft.com	oncanyas:DEVELOPERPACK_E5	PAM_ENTERPRISE	Success	
DiegoS@oncanyas.onmicrosoft.com	oncanyas:DEVELOPERPACK_E5	THREAT_INTELLIGENCE	Success	
DiegoS@oncanyas.onmicrosoft.com	oncanyas:DEVELOPERPACK_E5	ATP_ENTERPRISE	PendingProvisioning	
DiegoS@oncanyas.onmicrosoft.com	oncanyas:DEVELOPERPACK_E5	ADALLOM_S_O365	Success	
DiegoS@oncanyas.onmicrosoft.com	oncanyas:DEVELOPERPACK_E5	EQUIVIO_ANALYTICS	Success	
DiegoS@oncanyas.onmicrosoft.com	oncanyas:DEVELOPERPACK_E5	INTUNE_O365	PendingActivation	
DiegoS@oncanyas.onmicrosoft.com	oncanyas:DEVELOPERPACK_E5	TEAMS1	Success	
DiegoS@oncanyas.onmicrosoft.com	oncanyas:DEVELOPERPACK_E5	STREAM_O365_E5	Success	
DiegoS@oncanyas.onmicrosoft.com	oncanyas:DEVELOPERPACK_E5	Deskless	Success	
DiegoS@oncanyas.onmicrosoft.com	oncanyas:DEVELOPERPACK_E5	PROJECTWORKMANAGEMENT	Success	
DiegoS@oncanyas.onmicrosoft.com	oncanyas:DEVELOPERPACK_E5	EXCHANGE_ANALYTICS	Success	
DiegoS@oncanyas.onmicrosoft.com	oncanyas:DEVELOPERPACK_E5	INTUNE_A	PendingInput	
DiegoS@oncanyas.onmicrosoft.com	oncanyas:DEVELOPERPACK_E5	FORMS_PLAN_E5	Success	
DiegoS@oncanyas.onmicrosoft.com	oncanyas:DEVELOPERPACK_E5	ADALLOM_S_STANDALONE	Success	
DiegoS@oncanyas.onmicrosoft.com	oncanyas:DEVELOPERPACK_E5	MFA_PREMIUM	Success	
DiegoS@oncanyas.onmicrosoft.com	oncanyas:DEVELOPERPACK_E5	RMS_S_ENTERPRISE	Success	
DiegoS@oncanyas.onmicrosoft.com	oncanyas:DEVELOPERPACK_E5	MIP_S_CLP1	Success	
DiegoS@oncanyas.onmicrosoft.com	oncanyas:DEVELOPERPACK_E5	MIP_S_CLP2	Success	
DiegoS@oncanyas.onmicrosoft.com	oncanyas:DEVELOPERPACK_E5	FLOW_O365_P3	Success	
DiegoS@oncanyas.onmicrosoft.com	oncanyas:DEVELOPERPACK_E5	EXCHANGE_S_ENTERPRISE	Success	
DiegoS@oncanyas.onmicrosoft.com	oncanyas:DEVELOPERPACK_E5	LOCKBOX_ENTERPRISE	Success	
DiegoS@oncanyas.onmicrosoft.com	oncanyas:DEVELOPERPACK_E5	RMS_S_PREMIUM2	Success	
DiegoS@oncanyas.onmicrosoft.com	oncanyas:DEVELOPERPACK_E5	RMS_S_PREMIUM	Success	
DiegoS@oncanyas.onmicrosoft.com	oncanyas:DEVELOPERPACK_E5	ATA	Success	
DiegoS@oncanyas.onmicrosoft.com	oncanyas:DEVELOPERPACK_E5	AAD_PREMIUM_P2	Success	
DiegoS@oncanyas.onmicrosoft.com	oncanyas:DEVELOPERPACK_E5	AAD_PREMIUM	Success	
josepcanyas@oncanyas.onmicrosoft.com	oncanyas:DEVELOPERPACK_E5	Nucleus	PendingProvisioning	c87fcd4e-2839-42ec-82dd-71ce0fbcf93b
josepcanyas@oncanyas.onmicrosoft.com	oncanyas:DEVELOPERPACK_E5	MIP_S_Exchange	Success	c87fcd4e-2839-42ec-82dd-71ce0fbcf93b
josepcanyas@oncanyas.onmicrosoft.com	oncanyas:DEVELOPERPACK_E5	MICROSOFT_COMMUNICATION_COMPLIANCE	Success	c87fcd4e-2839-42ec-82dd-71ce0fbcf93b
josepcanyas@oncanyas.onmicrosoft.com	oncanyas:DEVELOPERPACK_E5	GRAPH_CONNECTORS_SEARCH_INDEX	Success	c87fcd4e-2839-42ec-82dd-71ce0fbcf93b
josepcanyas@oncanyas.onmicrosoft.com	oncanyas:DEVELOPERPACK_E5	Content_Explorer	PendingProvisioning	c87fcd4e-2839-42ec-82dd-71ce0fbcf93b
josepcanyas@oncanyas.onmicrosoft.com	oncanyas:DEVELOPERPACK_E5	POWER_VIRTUAL_AGENTS_O365_P3	Success	c87fcd4e-2839-42ec-82dd-71ce0fbcf93b
josepcanyas@oncanyas.onmicrosoft.com	oncanyas:DEVELOPERPACK_E5	CDS_O365_P3	Success	c87fcd4e-2839-42ec-82dd-71ce0fbcf93b
josepcanyas@oncanyas.onmicrosoft.com	oncanyas:DEVELOPERPACK_E5	PROJECT_O365_P3	Success	c87fcd4e-2839-42ec-82dd-71ce0fbcf93b
josepcanyas@oncanyas.onmicrosoft.com	oncanyas:DEVELOPERPACK_E5	INSIDER_RISK	Success	c87fcd4e-2839-42ec-82dd-71ce0fbcf93b
josepcanyas@oncanyas.onmicrosoft.com	oncanyas:DEVELOPERPACK_E5	EXCEL_PREMIUM	Success	c87fcd4e-2839-42ec-82dd-71ce0fbcf93b
josepcanyas@oncanyas.onmicrosoft.com	oncanyas:DEVELOPERPACK_E5	MTP	Success	c87fcd4e-2839-42ec-82dd-71ce0fbcf93b
josepcanyas@oncanyas.onmicrosoft.com	oncanyas:DEVELOPERPACK_E5	MICROSOFT_SEARCH	PendingProvisioning	c87fcd4e-2839-42ec-82dd-71ce0fbcf93b
josepcanyas@oncanyas.onmicrosoft.com	oncanyas:DEVELOPERPACK_E5	DYN365_CDS_O365_P3	Success	c87fcd4e-2839-42ec-82dd-71ce0fbcf93b
josepcanyas@oncanyas.onmicrosoft.com	oncanyas:DEVELOPERPACK_E5	MICROSOFTBOOKINGS	Success	c87fcd4e-2839-42ec-82dd-71ce0fbcf93b
josepcanyas@oncanyas.onmicrosoft.com	oncanyas:DEVELOPERPACK_E5	RECORDS_MANAGEMENT	Success	c87fcd4e-2839-42ec-82dd-71ce0fbcf93b
josepcanyas@oncanyas.onmicrosoft.com	oncanyas:DEVELOPERPACK_E5	ML_CLASSIFICATION	Success	c87fcd4e-2839-42ec-82dd-71ce0fbcf93b
josepcanyas@oncanyas.onmicrosoft.com	oncanyas:DEVELOPERPACK_E5	INSIDER_RISK_MANAGEMENT	Success	c87fcd4e-2839-42ec-82dd-71ce0fbcf93b
josepcanyas@oncanyas.onmicrosoft.com	oncanyas:DEVELOPERPACK_E5	INFO_GOVERNANCE	Success	c87fcd4e-2839-42ec-82dd-71ce0fbcf93b
josepcanyas@oncanyas.onmicrosoft.com	oncanyas:DEVELOPERPACK_E5	DATA_INVESTIGATIONS	Success	c87fcd4e-2839-42ec-82dd-71ce0fbcf93b
josepcanyas@oncanyas.onmicrosoft.com	oncanyas:DEVELOPERPACK_E5	CUSTOMER_KEY	Success	c87fcd4e-2839-42ec-82dd-71ce0fbcf93b
josepcanyas@oncanyas.onmicrosoft.com	oncanyas:DEVELOPERPACK_E5	COMMUNICATIONS_DLP	Success	c87fcd4e-2839-42ec-82dd-71ce0fbcf93b
josepcanyas@oncanyas.onmicrosoft.com	oncanyas:DEVELOPERPACK_E5	COMMUNICATIONS_COMPLIANCE	Success	c87fcd4e-2839-42ec-82dd-71ce0fbcf93b
josepcanyas@oncanyas.onmicrosoft.com	oncanyas:DEVELOPERPACK_E5	SAFEDOCS	Success	c87fcd4e-2839-42ec-82dd-71ce0fbcf93b
josepcanyas@oncanyas.onmicrosoft.com	oncanyas:DEVELOPERPACK_E5	M365_ADVANCED_AUDITING	Success	c87fcd4e-2839-42ec-82dd-71ce0fbcf93b
josepcanyas@oncanyas.onmicrosoft.com	oncanyas:DEVELOPERPACK_E5	YAMMER_ENTERPRISE	Success	c87fcd4e-2839-42ec-82dd-71ce0fbcf93b
josepcanyas@oncanyas.onmicrosoft.com	oncanyas:DEVELOPERPACK_E5	WHITEBOARD_PLAN3	Success	c87fcd4e-2839-42ec-82dd-71ce0fbcf93b
josepcanyas@oncanyas.onmicrosoft.com	oncanyas:DEVELOPERPACK_E5	BPOS_S_TODO_3	Success	c87fcd4e-2839-42ec-82dd-71ce0fbcf93b
josepcanyas@oncanyas.onmicrosoft.com	oncanyas:DEVELOPERPACK_E5	SWAY	Success	c87fcd4e-2839-42ec-82dd-71ce0fbcf93b
josepcanyas@oncanyas.onmicrosoft.com	oncanyas:DEVELOPERPACK_E5	MCOSTANDARD	Success	c87fcd4e-2839-42ec-82dd-71ce0fbcf93b
josepcanyas@oncanyas.onmicrosoft.com	oncanyas:DEVELOPERPACK_E5	SHAREPOINTENTERPRISE	Success	c87fcd4e-2839-42ec-82dd-71ce0fbcf93b
josepcanyas@oncanyas.onmicrosoft.com	oncanyas:DEVELOPERPACK_E5	POWERAPPS_O365_P3	Success	c87fcd4e-2839-42ec-82dd-71ce0fbcf93b
josepcanyas@oncanyas.onmicrosoft.com	oncanyas:DEVELOPERPACK_E5	BI_AZURE_P2	Success	c87fcd4e-2839-42ec-82dd-71ce0fbcf93b
josepcanyas@oncanyas.onmicrosoft.com	oncanyas:DEVELOPERPACK_E5	MCOEV	Success	c87fcd4e-2839-42ec-82dd-71ce0fbcf93b
josepcanyas@oncanyas.onmicrosoft.com	oncanyas:DEVELOPERPACK_E5	SHAREPOINTWAC	Success	c87fcd4e-2839-42ec-82dd-71ce0fbcf93b
josepcanyas@oncanyas.onmicrosoft.com	oncanyas:DEVELOPERPACK_E5	OFFICESUBSCRIPTION	Success	c87fcd4e-2839-42ec-82dd-71ce0fbcf93b
josepcanyas@oncanyas.onmicrosoft.com	oncanyas:DEVELOPERPACK_E5	PAM_ENTERPRISE	Success	c87fcd4e-2839-42ec-82dd-71ce0fbcf93b
josepcanyas@oncanyas.onmicrosoft.com	oncanyas:DEVELOPERPACK_E5	THREAT_INTELLIGENCE	Success	c87fcd4e-2839-42ec-82dd-71ce0fbcf93b
josepcanyas@oncanyas.onmicrosoft.com	oncanyas:DEVELOPERPACK_E5	ATP_ENTERPRISE	PendingProvisioning	c87fcd4e-2839-42ec-82dd-71ce0fbcf93b
josepcanyas@oncanyas.onmicrosoft.com	oncanyas:DEVELOPERPACK_E5	ADALLOM_S_O365	Success	c87fcd4e-2839-42ec-82dd-71ce0fbcf93b
josepcanyas@oncanyas.onmicrosoft.com	oncanyas:DEVELOPERPACK_E5	EQUIVIO_ANALYTICS	Success	c87fcd4e-2839-42ec-82dd-71ce0fbcf93b
josepcanyas@oncanyas.onmicrosoft.com	oncanyas:DEVELOPERPACK_E5	INTUNE_O365	PendingActivation	c87fcd4e-2839-42ec-82dd-71ce0fbcf93b
josepcanyas@oncanyas.onmicrosoft.com	oncanyas:DEVELOPERPACK_E5	TEAMS1	Success	c87fcd4e-2839-42ec-82dd-71ce0fbcf93b
josepcanyas@oncanyas.onmicrosoft.com	oncanyas:DEVELOPERPACK_E5	STREAM_O365_E5	Success	c87fcd4e-2839-42ec-82dd-71ce0fbcf93b
josepcanyas@oncanyas.onmicrosoft.com	oncanyas:DEVELOPERPACK_E5	Deskless	Success	c87fcd4e-2839-42ec-82dd-71ce0fbcf93b
josepcanyas@oncanyas.onmicrosoft.com	oncanyas:DEVELOPERPACK_E5	PROJECTWORKMANAGEMENT	Success	c87fcd4e-2839-42ec-82dd-71ce0fbcf93b
josepcanyas@oncanyas.onmicrosoft.com	oncanyas:DEVELOPERPACK_E5	EXCHANGE_ANALYTICS	Success	c87fcd4e-2839-42ec-82dd-71ce0fbcf93b
josepcanyas@oncanyas.onmicrosoft.com	oncanyas:DEVELOPERPACK_E5	INTUNE_A	PendingInput	c87fcd4e-2839-42ec-82dd-71ce0fbcf93b
josepcanyas@oncanyas.onmicrosoft.com	oncanyas:DEVELOPERPACK_E5	FORMS_PLAN_E5	Success	c87fcd4e-2839-42ec-82dd-71ce0fbcf93b
josepcanyas@oncanyas.onmicrosoft.com	oncanyas:DEVELOPERPACK_E5	ADALLOM_S_STANDALONE	Success	c87fcd4e-2839-42ec-82dd-71ce0fbcf93b
josepcanyas@oncanyas.onmicrosoft.com	oncanyas:DEVELOPERPACK_E5	MFA_PREMIUM	Success	c87fcd4e-2839-42ec-82dd-71ce0fbcf93b
josepcanyas@oncanyas.onmicrosoft.com	oncanyas:DEVELOPERPACK_E5	RMS_S_ENTERPRISE	Success	c87fcd4e-2839-42ec-82dd-71ce0fbcf93b
josepcanyas@oncanyas.onmicrosoft.com	oncanyas:DEVELOPERPACK_E5	MIP_S_CLP1	Success	c87fcd4e-2839-42ec-82dd-71ce0fbcf93b
josepcanyas@oncanyas.onmicrosoft.com	oncanyas:DEVELOPERPACK_E5	MIP_S_CLP2	Success	c87fcd4e-2839-42ec-82dd-71ce0fbcf93b
josepcanyas@oncanyas.onmicrosoft.com	oncanyas:DEVELOPERPACK_E5	FLOW_O365_P3	Success	c87fcd4e-2839-42ec-82dd-71ce0fbcf93b
josepcanyas@oncanyas.onmicrosoft.com	oncanyas:DEVELOPERPACK_E5	EXCHANGE_S_ENTERPRISE	Success	c87fcd4e-2839-42ec-82dd-71ce0fbcf93b
josepcanyas@oncanyas.onmicrosoft.com	oncanyas:DEVELOPERPACK_E5	LOCKBOX_ENTERPRISE	Success	c87fcd4e-2839-42ec-82dd-71ce0fbcf93b
josepcanyas@oncanyas.onmicrosoft.com	oncanyas:DEVELOPERPACK_E5	RMS_S_PREMIUM2	Success	c87fcd4e-2839-42ec-82dd-71ce0fbcf93b
josepcanyas@oncanyas.onmicrosoft.com	oncanyas:DEVELOPERPACK_E5	RMS_S_PREMIUM	Success	c87fcd4e-2839-42ec-82dd-71ce0fbcf93b
josepcanyas@oncanyas.onmicrosoft.com	oncanyas:DEVELOPERPACK_E5	ATA	Success	c87fcd4e-2839-42ec-82dd-71ce0fbcf93b
josepcanyas@oncanyas.onmicrosoft.com	oncanyas:DEVELOPERPACK_E5	AAD_PREMIUM_P2	Success	c87fcd4e-2839-42ec-82dd-71ce0fbcf93b
josepcanyas@oncanyas.onmicrosoft.com	oncanyas:DEVELOPERPACK_E5	AAD_PREMIUM	Success	c87fcd4e-2839-42ec-82dd-71ce0fbcf93b
JohannaL@oncanyas.onmicrosoft.com	oncanyas:DEVELOPERPACK_E5	Nucleus	PendingProvisioning	
JohannaL@oncanyas.onmicrosoft.com	oncanyas:DEVELOPERPACK_E5	MIP_S_Exchange	Success	
JohannaL@oncanyas.onmicrosoft.com	oncanyas:DEVELOPERPACK_E5	MICROSOFT_COMMUNICATION_COMPLIANCE	Success	
JohannaL@oncanyas.onmicrosoft.com	oncanyas:DEVELOPERPACK_E5	GRAPH_CONNECTORS_SEARCH_INDEX	Success	
JohannaL@oncanyas.onmicrosoft.com	oncanyas:DEVELOPERPACK_E5	Content_Explorer	PendingProvisioning	
JohannaL@oncanyas.onmicrosoft.com	oncanyas:DEVELOPERPACK_E5	POWER_VIRTUAL_AGENTS_O365_P3	Success	
JohannaL@oncanyas.onmicrosoft.com	oncanyas:DEVELOPERPACK_E5	CDS_O365_P3	Success	
JohannaL@oncanyas.onmicrosoft.com	oncanyas:DEVELOPERPACK_E5	PROJECT_O365_P3	Success	
JohannaL@oncanyas.onmicrosoft.com	oncanyas:DEVELOPERPACK_E5	INSIDER_RISK	Success	
JohannaL@oncanyas.onmicrosoft.com	oncanyas:DEVELOPERPACK_E5	EXCEL_PREMIUM	Success	
JohannaL@oncanyas.onmicrosoft.com	oncanyas:DEVELOPERPACK_E5	MTP	Success	
JohannaL@oncanyas.onmicrosoft.com	oncanyas:DEVELOPERPACK_E5	MICROSOFT_SEARCH	PendingProvisioning	
JohannaL@oncanyas.onmicrosoft.com	oncanyas:DEVELOPERPACK_E5	DYN365_CDS_O365_P3	Success	
JohannaL@oncanyas.onmicrosoft.com	oncanyas:DEVELOPERPACK_E5	MICROSOFTBOOKINGS	Success	
JohannaL@oncanyas.onmicrosoft.com	oncanyas:DEVELOPERPACK_E5	RECORDS_MANAGEMENT	Success	
JohannaL@oncanyas.onmicrosoft.com	oncanyas:DEVELOPERPACK_E5	ML_CLASSIFICATION	Success	
JohannaL@oncanyas.onmicrosoft.com	oncanyas:DEVELOPERPACK_E5	INSIDER_RISK_MANAGEMENT	Success	
JohannaL@oncanyas.onmicrosoft.com	oncanyas:DEVELOPERPACK_E5	INFO_GOVERNANCE	Success	
JohannaL@oncanyas.onmicrosoft.com	oncanyas:DEVELOPERPACK_E5	DATA_INVESTIGATIONS	Success	
JohannaL@oncanyas.onmicrosoft.com	oncanyas:DEVELOPERPACK_E5	CUSTOMER_KEY	Success	
JohannaL@oncanyas.onmicrosoft.com	oncanyas:DEVELOPERPACK_E5	COMMUNICATIONS_DLP	Success	
JohannaL@oncanyas.onmicrosoft.com	oncanyas:DEVELOPERPACK_E5	COMMUNICATIONS_COMPLIANCE	Success	
JohannaL@oncanyas.onmicrosoft.com	oncanyas:DEVELOPERPACK_E5	SAFEDOCS	Success	
JohannaL@oncanyas.onmicrosoft.com	oncanyas:DEVELOPERPACK_E5	M365_ADVANCED_AUDITING	Success	
JohannaL@oncanyas.onmicrosoft.com	oncanyas:DEVELOPERPACK_E5	YAMMER_ENTERPRISE	Success	
JohannaL@oncanyas.onmicrosoft.com	oncanyas:DEVELOPERPACK_E5	WHITEBOARD_PLAN3	Success	
JohannaL@oncanyas.onmicrosoft.com	oncanyas:DEVELOPERPACK_E5	BPOS_S_TODO_3	Success	
JohannaL@oncanyas.onmicrosoft.com	oncanyas:DEVELOPERPACK_E5	SWAY	Success	
JohannaL@oncanyas.onmicrosoft.com	oncanyas:DEVELOPERPACK_E5	MCOSTANDARD	Success	
JohannaL@oncanyas.onmicrosoft.com	oncanyas:DEVELOPERPACK_E5	SHAREPOINTENTERPRISE	Success	
JohannaL@oncanyas.onmicrosoft.com	oncanyas:DEVELOPERPACK_E5	POWERAPPS_O365_P3	Success	
JohannaL@oncanyas.onmicrosoft.com	oncanyas:DEVELOPERPACK_E5	BI_AZURE_P2	Success	
JohannaL@oncanyas.onmicrosoft.com	oncanyas:DEVELOPERPACK_E5	MCOEV	Success	
JohannaL@oncanyas.onmicrosoft.com	oncanyas:DEVELOPERPACK_E5	SHAREPOINTWAC	Success	
JohannaL@oncanyas.onmicrosoft.com	oncanyas:DEVELOPERPACK_E5	OFFICESUBSCRIPTION	Success	
JohannaL@oncanyas.onmicrosoft.com	oncanyas:DEVELOPERPACK_E5	PAM_ENTERPRISE	Success	
JohannaL@oncanyas.onmicrosoft.com	oncanyas:DEVELOPERPACK_E5	THREAT_INTELLIGENCE	Success	
JohannaL@oncanyas.onmicrosoft.com	oncanyas:DEVELOPERPACK_E5	ATP_ENTERPRISE	PendingProvisioning	
JohannaL@oncanyas.onmicrosoft.com	oncanyas:DEVELOPERPACK_E5	ADALLOM_S_O365	Success	
JohannaL@oncanyas.onmicrosoft.com	oncanyas:DEVELOPERPACK_E5	EQUIVIO_ANALYTICS	Success	
JohannaL@oncanyas.onmicrosoft.com	oncanyas:DEVELOPERPACK_E5	INTUNE_O365	PendingActivation	
JohannaL@oncanyas.onmicrosoft.com	oncanyas:DEVELOPERPACK_E5	TEAMS1	Success	
JohannaL@oncanyas.onmicrosoft.com	oncanyas:DEVELOPERPACK_E5	STREAM_O365_E5	Success	
JohannaL@oncanyas.onmicrosoft.com	oncanyas:DEVELOPERPACK_E5	Deskless	Success	
JohannaL@oncanyas.onmicrosoft.com	oncanyas:DEVELOPERPACK_E5	PROJECTWORKMANAGEMENT	Success	
JohannaL@oncanyas.onmicrosoft.com	oncanyas:DEVELOPERPACK_E5	EXCHANGE_ANALYTICS	Success	
JohannaL@oncanyas.onmicrosoft.com	oncanyas:DEVELOPERPACK_E5	INTUNE_A	PendingInput	
JohannaL@oncanyas.onmicrosoft.com	oncanyas:DEVELOPERPACK_E5	FORMS_PLAN_E5	Success	
JohannaL@oncanyas.onmicrosoft.com	oncanyas:DEVELOPERPACK_E5	ADALLOM_S_STANDALONE	Success	
JohannaL@oncanyas.onmicrosoft.com	oncanyas:DEVELOPERPACK_E5	MFA_PREMIUM	Success	
JohannaL@oncanyas.onmicrosoft.com	oncanyas:DEVELOPERPACK_E5	RMS_S_ENTERPRISE	Success	
JohannaL@oncanyas.onmicrosoft.com	oncanyas:DEVELOPERPACK_E5	MIP_S_CLP1	Success	
JohannaL@oncanyas.onmicrosoft.com	oncanyas:DEVELOPERPACK_E5	MIP_S_CLP2	Success	
JohannaL@oncanyas.onmicrosoft.com	oncanyas:DEVELOPERPACK_E5	FLOW_O365_P3	Success	
JohannaL@oncanyas.onmicrosoft.com	oncanyas:DEVELOPERPACK_E5	EXCHANGE_S_ENTERPRISE	Success	
JohannaL@oncanyas.onmicrosoft.com	oncanyas:DEVELOPERPACK_E5	LOCKBOX_ENTERPRISE	Success	
JohannaL@oncanyas.onmicrosoft.com	oncanyas:DEVELOPERPACK_E5	RMS_S_PREMIUM2	Success	
JohannaL@oncanyas.onmicrosoft.com	oncanyas:DEVELOPERPACK_E5	RMS_S_PREMIUM	Success	
JohannaL@oncanyas.onmicrosoft.com	oncanyas:DEVELOPERPACK_E5	ATA	Success	
JohannaL@oncanyas.onmicrosoft.com	oncanyas:DEVELOPERPACK_E5	AAD_PREMIUM_P2	Success	
JohannaL@oncanyas.onmicrosoft.com	oncanyas:DEVELOPERPACK_E5	AAD_PREMIUM	Success	
LeeG@oncanyas.onmicrosoft.com	oncanyas:DEVELOPERPACK_E5	Nucleus	PendingProvisioning	
LeeG@oncanyas.onmicrosoft.com	oncanyas:DEVELOPERPACK_E5	MIP_S_Exchange	Success	
LeeG@oncanyas.onmicrosoft.com	oncanyas:DEVELOPERPACK_E5	MICROSOFT_COMMUNICATION_COMPLIANCE	Success	
LeeG@oncanyas.onmicrosoft.com	oncanyas:DEVELOPERPACK_E5	GRAPH_CONNECTORS_SEARCH_INDEX	Success	
LeeG@oncanyas.onmicrosoft.com	oncanyas:DEVELOPERPACK_E5	Content_Explorer	PendingProvisioning	
LeeG@oncanyas.onmicrosoft.com	oncanyas:DEVELOPERPACK_E5	POWER_VIRTUAL_AGENTS_O365_P3	Success	
LeeG@oncanyas.onmicrosoft.com	oncanyas:DEVELOPERPACK_E5	CDS_O365_P3	Success	
LeeG@oncanyas.onmicrosoft.com	oncanyas:DEVELOPERPACK_E5	PROJECT_O365_P3	Success	
LeeG@oncanyas.onmicrosoft.com	oncanyas:DEVELOPERPACK_E5	INSIDER_RISK	Success	
LeeG@oncanyas.onmicrosoft.com	oncanyas:DEVELOPERPACK_E5	EXCEL_PREMIUM	Success	
LeeG@oncanyas.onmicrosoft.com	oncanyas:DEVELOPERPACK_E5	MTP	Success	
LeeG@oncanyas.onmicrosoft.com	oncanyas:DEVELOPERPACK_E5	MICROSOFT_SEARCH	PendingProvisioning	
LeeG@oncanyas.onmicrosoft.com	oncanyas:DEVELOPERPACK_E5	DYN365_CDS_O365_P3	Success	
LeeG@oncanyas.onmicrosoft.com	oncanyas:DEVELOPERPACK_E5	MICROSOFTBOOKINGS	Success	
LeeG@oncanyas.onmicrosoft.com	oncanyas:DEVELOPERPACK_E5	RECORDS_MANAGEMENT	Success	
LeeG@oncanyas.onmicrosoft.com	oncanyas:DEVELOPERPACK_E5	ML_CLASSIFICATION	Success	
LeeG@oncanyas.onmicrosoft.com	oncanyas:DEVELOPERPACK_E5	INSIDER_RISK_MANAGEMENT	Success	
LeeG@oncanyas.onmicrosoft.com	oncanyas:DEVELOPERPACK_E5	INFO_GOVERNANCE	Success	
LeeG@oncanyas.onmicrosoft.com	oncanyas:DEVELOPERPACK_E5	DATA_INVESTIGATIONS	Success	
LeeG@oncanyas.onmicrosoft.com	oncanyas:DEVELOPERPACK_E5	CUSTOMER_KEY	Success	
LeeG@oncanyas.onmicrosoft.com	oncanyas:DEVELOPERPACK_E5	COMMUNICATIONS_DLP	Success	
LeeG@oncanyas.onmicrosoft.com	oncanyas:DEVELOPERPACK_E5	COMMUNICATIONS_COMPLIANCE	Success	
LeeG@oncanyas.onmicrosoft.com	oncanyas:DEVELOPERPACK_E5	SAFEDOCS	Success	
LeeG@oncanyas.onmicrosoft.com	oncanyas:DEVELOPERPACK_E5	M365_ADVANCED_AUDITING	Success	
LeeG@oncanyas.onmicrosoft.com	oncanyas:DEVELOPERPACK_E5	YAMMER_ENTERPRISE	Success	
LeeG@oncanyas.onmicrosoft.com	oncanyas:DEVELOPERPACK_E5	WHITEBOARD_PLAN3	Success	
LeeG@oncanyas.onmicrosoft.com	oncanyas:DEVELOPERPACK_E5	BPOS_S_TODO_3	Success	
LeeG@oncanyas.onmicrosoft.com	oncanyas:DEVELOPERPACK_E5	SWAY	Success	
LeeG@oncanyas.onmicrosoft.com	oncanyas:DEVELOPERPACK_E5	MCOSTANDARD	Success	
LeeG@oncanyas.onmicrosoft.com	oncanyas:DEVELOPERPACK_E5	SHAREPOINTENTERPRISE	Success	
LeeG@oncanyas.onmicrosoft.com	oncanyas:DEVELOPERPACK_E5	POWERAPPS_O365_P3	Success	
LeeG@oncanyas.onmicrosoft.com	oncanyas:DEVELOPERPACK_E5	BI_AZURE_P2	Success	
LeeG@oncanyas.onmicrosoft.com	oncanyas:DEVELOPERPACK_E5	MCOEV	Success	
LeeG@oncanyas.onmicrosoft.com	oncanyas:DEVELOPERPACK_E5	SHAREPOINTWAC	Success	
LeeG@oncanyas.onmicrosoft.com	oncanyas:DEVELOPERPACK_E5	OFFICESUBSCRIPTION	Success	
LeeG@oncanyas.onmicrosoft.com	oncanyas:DEVELOPERPACK_E5	PAM_ENTERPRISE	Success	
LeeG@oncanyas.onmicrosoft.com	oncanyas:DEVELOPERPACK_E5	THREAT_INTELLIGENCE	Success	
LeeG@oncanyas.onmicrosoft.com	oncanyas:DEVELOPERPACK_E5	ATP_ENTERPRISE	PendingProvisioning	
LeeG@oncanyas.onmicrosoft.com	oncanyas:DEVELOPERPACK_E5	ADALLOM_S_O365	Success	
LeeG@oncanyas.onmicrosoft.com	oncanyas:DEVELOPERPACK_E5	EQUIVIO_ANALYTICS	Success	
LeeG@oncanyas.onmicrosoft.com	oncanyas:DEVELOPERPACK_E5	INTUNE_O365	PendingActivation	
LeeG@oncanyas.onmicrosoft.com	oncanyas:DEVELOPERPACK_E5	TEAMS1	Success	
LeeG@oncanyas.onmicrosoft.com	oncanyas:DEVELOPERPACK_E5	STREAM_O365_E5	Success	
LeeG@oncanyas.onmicrosoft.com	oncanyas:DEVELOPERPACK_E5	Deskless	Success	
LeeG@oncanyas.onmicrosoft.com	oncanyas:DEVELOPERPACK_E5	PROJECTWORKMANAGEMENT	Success	
LeeG@oncanyas.onmicrosoft.com	oncanyas:DEVELOPERPACK_E5	EXCHANGE_ANALYTICS	Success	
LeeG@oncanyas.onmicrosoft.com	oncanyas:DEVELOPERPACK_E5	INTUNE_A	PendingInput	
LeeG@oncanyas.onmicrosoft.com	oncanyas:DEVELOPERPACK_E5	FORMS_PLAN_E5	Success	
LeeG@oncanyas.onmicrosoft.com	oncanyas:DEVELOPERPACK_E5	ADALLOM_S_STANDALONE	Success	
LeeG@oncanyas.onmicrosoft.com	oncanyas:DEVELOPERPACK_E5	MFA_PREMIUM	Success	
LeeG@oncanyas.onmicrosoft.com	oncanyas:DEVELOPERPACK_E5	RMS_S_ENTERPRISE	Success	
LeeG@oncanyas.onmicrosoft.com	oncanyas:DEVELOPERPACK_E5	MIP_S_CLP1	Success	
LeeG@oncanyas.onmicrosoft.com	oncanyas:DEVELOPERPACK_E5	MIP_S_CLP2	Success	
LeeG@oncanyas.onmicrosoft.com	oncanyas:DEVELOPERPACK_E5	FLOW_O365_P3	Success	
LeeG@oncanyas.onmicrosoft.com	oncanyas:DEVELOPERPACK_E5	EXCHANGE_S_ENTERPRISE	Success	
LeeG@oncanyas.onmicrosoft.com	oncanyas:DEVELOPERPACK_E5	LOCKBOX_ENTERPRISE	Success	
LeeG@oncanyas.onmicrosoft.com	oncanyas:DEVELOPERPACK_E5	RMS_S_PREMIUM2	Success	
LeeG@oncanyas.onmicrosoft.com	oncanyas:DEVELOPERPACK_E5	RMS_S_PREMIUM	Success	
LeeG@oncanyas.onmicrosoft.com	oncanyas:DEVELOPERPACK_E5	ATA	Success	
LeeG@oncanyas.onmicrosoft.com	oncanyas:DEVELOPERPACK_E5	AAD_PREMIUM_P2	Success	
LeeG@oncanyas.onmicrosoft.com	oncanyas:DEVELOPERPACK_E5	AAD_PREMIUM	Success	
MeganB@oncanyas.onmicrosoft.com	oncanyas:DEVELOPERPACK_E5	Nucleus	PendingProvisioning	
MeganB@oncanyas.onmicrosoft.com	oncanyas:DEVELOPERPACK_E5	MIP_S_Exchange	Success	
MeganB@oncanyas.onmicrosoft.com	oncanyas:DEVELOPERPACK_E5	MICROSOFT_COMMUNICATION_COMPLIANCE	Success	
MeganB@oncanyas.onmicrosoft.com	oncanyas:DEVELOPERPACK_E5	GRAPH_CONNECTORS_SEARCH_INDEX	Success	
MeganB@oncanyas.onmicrosoft.com	oncanyas:DEVELOPERPACK_E5	Content_Explorer	PendingProvisioning	
MeganB@oncanyas.onmicrosoft.com	oncanyas:DEVELOPERPACK_E5	POWER_VIRTUAL_AGENTS_O365_P3	Success	
MeganB@oncanyas.onmicrosoft.com	oncanyas:DEVELOPERPACK_E5	CDS_O365_P3	Success	
MeganB@oncanyas.onmicrosoft.com	oncanyas:DEVELOPERPACK_E5	PROJECT_O365_P3	Success	
MeganB@oncanyas.onmicrosoft.com	oncanyas:DEVELOPERPACK_E5	INSIDER_RISK	Success	
MeganB@oncanyas.onmicrosoft.com	oncanyas:DEVELOPERPACK_E5	EXCEL_PREMIUM	Success	
MeganB@oncanyas.onmicrosoft.com	oncanyas:DEVELOPERPACK_E5	MTP	Success	
MeganB@oncanyas.onmicrosoft.com	oncanyas:DEVELOPERPACK_E5	MICROSOFT_SEARCH	PendingProvisioning	
MeganB@oncanyas.onmicrosoft.com	oncanyas:DEVELOPERPACK_E5	DYN365_CDS_O365_P3	Success	
MeganB@oncanyas.onmicrosoft.com	oncanyas:DEVELOPERPACK_E5	MICROSOFTBOOKINGS	Success	
MeganB@oncanyas.onmicrosoft.com	oncanyas:DEVELOPERPACK_E5	RECORDS_MANAGEMENT	Success	
MeganB@oncanyas.onmicrosoft.com	oncanyas:DEVELOPERPACK_E5	ML_CLASSIFICATION	Success	
MeganB@oncanyas.onmicrosoft.com	oncanyas:DEVELOPERPACK_E5	INSIDER_RISK_MANAGEMENT	Success	
MeganB@oncanyas.onmicrosoft.com	oncanyas:DEVELOPERPACK_E5	INFO_GOVERNANCE	Success	
MeganB@oncanyas.onmicrosoft.com	oncanyas:DEVELOPERPACK_E5	DATA_INVESTIGATIONS	Success	
MeganB@oncanyas.onmicrosoft.com	oncanyas:DEVELOPERPACK_E5	CUSTOMER_KEY	Success	
MeganB@oncanyas.onmicrosoft.com	oncanyas:DEVELOPERPACK_E5	COMMUNICATIONS_DLP	Success	
MeganB@oncanyas.onmicrosoft.com	oncanyas:DEVELOPERPACK_E5	COMMUNICATIONS_COMPLIANCE	Success	
MeganB@oncanyas.onmicrosoft.com	oncanyas:DEVELOPERPACK_E5	SAFEDOCS	Success	
MeganB@oncanyas.onmicrosoft.com	oncanyas:DEVELOPERPACK_E5	M365_ADVANCED_AUDITING	Success	
MeganB@oncanyas.onmicrosoft.com	oncanyas:DEVELOPERPACK_E5	YAMMER_ENTERPRISE	Success	
MeganB@oncanyas.onmicrosoft.com	oncanyas:DEVELOPERPACK_E5	WHITEBOARD_PLAN3	Success	
MeganB@oncanyas.onmicrosoft.com	oncanyas:DEVELOPERPACK_E5	BPOS_S_TODO_3	Success	
MeganB@oncanyas.onmicrosoft.com	oncanyas:DEVELOPERPACK_E5	SWAY	Success	
MeganB@oncanyas.onmicrosoft.com	oncanyas:DEVELOPERPACK_E5	MCOSTANDARD	Success	
MeganB@oncanyas.onmicrosoft.com	oncanyas:DEVELOPERPACK_E5	SHAREPOINTENTERPRISE	Success	
MeganB@oncanyas.onmicrosoft.com	oncanyas:DEVELOPERPACK_E5	POWERAPPS_O365_P3	Success	
MeganB@oncanyas.onmicrosoft.com	oncanyas:DEVELOPERPACK_E5	BI_AZURE_P2	Success	
MeganB@oncanyas.onmicrosoft.com	oncanyas:DEVELOPERPACK_E5	MCOEV	Success	
MeganB@oncanyas.onmicrosoft.com	oncanyas:DEVELOPERPACK_E5	SHAREPOINTWAC	Success	
MeganB@oncanyas.onmicrosoft.com	oncanyas:DEVELOPERPACK_E5	OFFICESUBSCRIPTION	Success	
MeganB@oncanyas.onmicrosoft.com	oncanyas:DEVELOPERPACK_E5	PAM_ENTERPRISE	Success	
MeganB@oncanyas.onmicrosoft.com	oncanyas:DEVELOPERPACK_E5	THREAT_INTELLIGENCE	Success	
MeganB@oncanyas.onmicrosoft.com	oncanyas:DEVELOPERPACK_E5	ATP_ENTERPRISE	PendingProvisioning	
MeganB@oncanyas.onmicrosoft.com	oncanyas:DEVELOPERPACK_E5	ADALLOM_S_O365	Success	
MeganB@oncanyas.onmicrosoft.com	oncanyas:DEVELOPERPACK_E5	EQUIVIO_ANALYTICS	Success	
MeganB@oncanyas.onmicrosoft.com	oncanyas:DEVELOPERPACK_E5	INTUNE_O365	PendingActivation	
MeganB@oncanyas.onmicrosoft.com	oncanyas:DEVELOPERPACK_E5	TEAMS1	Success	
MeganB@oncanyas.onmicrosoft.com	oncanyas:DEVELOPERPACK_E5	STREAM_O365_E5	Success	
MeganB@oncanyas.onmicrosoft.com	oncanyas:DEVELOPERPACK_E5	Deskless	Success	
MeganB@oncanyas.onmicrosoft.com	oncanyas:DEVELOPERPACK_E5	PROJECTWORKMANAGEMENT	Success	
MeganB@oncanyas.onmicrosoft.com	oncanyas:DEVELOPERPACK_E5	EXCHANGE_ANALYTICS	Success	
MeganB@oncanyas.onmicrosoft.com	oncanyas:DEVELOPERPACK_E5	INTUNE_A	PendingInput	
MeganB@oncanyas.onmicrosoft.com	oncanyas:DEVELOPERPACK_E5	FORMS_PLAN_E5	Success	
MeganB@oncanyas.onmicrosoft.com	oncanyas:DEVELOPERPACK_E5	ADALLOM_S_STANDALONE	Success	
MeganB@oncanyas.onmicrosoft.com	oncanyas:DEVELOPERPACK_E5	MFA_PREMIUM	Success	
MeganB@oncanyas.onmicrosoft.com	oncanyas:DEVELOPERPACK_E5	RMS_S_ENTERPRISE	Success	
MeganB@oncanyas.onmicrosoft.com	oncanyas:DEVELOPERPACK_E5	MIP_S_CLP1	Success	
MeganB@oncanyas.onmicrosoft.com	oncanyas:DEVELOPERPACK_E5	MIP_S_CLP2	Success	
MeganB@oncanyas.onmicrosoft.com	oncanyas:DEVELOPERPACK_E5	FLOW_O365_P3	Success	
MeganB@oncanyas.onmicrosoft.com	oncanyas:DEVELOPERPACK_E5	EXCHANGE_S_ENTERPRISE	Success	
MeganB@oncanyas.onmicrosoft.com	oncanyas:DEVELOPERPACK_E5	LOCKBOX_ENTERPRISE	Success	
MeganB@oncanyas.onmicrosoft.com	oncanyas:DEVELOPERPACK_E5	RMS_S_PREMIUM2	Success	
MeganB@oncanyas.onmicrosoft.com	oncanyas:DEVELOPERPACK_E5	RMS_S_PREMIUM	Success	
MeganB@oncanyas.onmicrosoft.com	oncanyas:DEVELOPERPACK_E5	ATA	Success	
MeganB@oncanyas.onmicrosoft.com	oncanyas:DEVELOPERPACK_E5	AAD_PREMIUM_P2	Success	
MeganB@oncanyas.onmicrosoft.com	oncanyas:DEVELOPERPACK_E5	AAD_PREMIUM	Success	
