TeamName,Description,Visibility,Owner,Members
Learning Portal,Crescent Learning Management Team,Public,Salaudeen@crescent.com,Sam@crescent.com;Steve@Crescent.com;Mark@Crescent.com
Procurement,Procurement Discussions,Private,Steve@Crescent.com,Salaudeen@crescent.com;Mark@Crescent.com;
Purchase,Purchase Discussions,Private,Mark@Crescent.com,Salaudeen@crescent.com;Steve@Crescent.com;
HR,HR Discussions,Private,Salaudeen@crescent.com,Mark@Crescent.com
Wellbeing,Wellbeing News and Discussions,Public,Steve@Crescent.com,Salaudeen@crescent.com;Mark@crescent.com
Corporate Branding,Crescent Corporate Management Team,Private,Salaudeen@crescent.com,Steve@crescent.com
All Crescent,All Crescent Teams,Public,Salaudeen@crescent.com,Mark@Crescent.com
PMO,PMO Discussions,Private,Steve@Crescent.com,Mark@Crescent.com; Steve@Crescent.com
Org News,Crescent Org Management Team,Public,Mark@Crescent.com,Steve@crescent.com
